日期,鉅亨_每日原始總分,鉅亨_左側情緒分類,兆豐_每日原始總分,兆豐_左側情緒分類,PTT_每日原始總分,PTT_左側情緒分類
2020-01-01,12.0,-1.0,,,1,-1
2020-01-02,28.0,-1.0,1.0,-1.0,2,-1
2020-01-03,22.0,-1.0,7.0,-1.0,12,-1
2020-01-04,14.0,-1.0,,,4,-1
2020-01-05,6.0,-1.0,,,2,-1
2020-01-06,18.0,-1.0,-2.0,1.0,-2,1
2020-01-07,42.0,-1.0,6.0,-1.0,-2,1
2020-01-08,18.0,-1.0,1.0,-1.0,-3,1
2020-01-09,30.0,-1.0,1.0,-1.0,1,-1
2020-01-10,32.0,-1.0,-1.0,1.0,1,-1
2020-01-11,18.0,-1.0,,,0,0
2020-01-12,14.0,-1.0,,,0,0
2020-01-13,24.0,-1.0,6.0,-1.0,2,-1
2020-01-14,32.0,-1.0,4.0,-1.0,0,0
2020-01-15,34.0,-1.0,5.0,-1.0,0,0
2020-01-16,12.0,-1.0,-4.0,1.0,0,0
2020-01-17,44.0,-1.0,5.0,-1.0,0,0
2020-01-18,10.0,-1.0,,,1,-1
2020-01-19,12.0,-1.0,,,0,0
2020-01-20,40.0,-1.0,12.0,-1.0,1,-1
2020-01-21,-2.0,1.0,,,0,0
2020-01-22,24.0,-1.0,,,0,0
2020-01-23,2.0,-1.0,,,0,0
2020-01-24,8.0,-1.0,,,0,0
2020-01-25,2.0,-1.0,,,0,0
2020-01-26,16.0,-1.0,,,-4,1
2020-01-27,2.0,-1.0,,,1,-1
2020-01-28,4.0,-1.0,,,0,0
2020-01-29,18.0,-1.0,,,2,-1
2020-01-30,2.0,-1.0,-7.0,1.0,1,-1
2020-01-31,24.0,-1.0,3.0,-1.0,1,-1
2020-02-01,2.0,-1.0,,,-2,1
2020-02-02,-4.0,1.0,,,1,-1
2020-02-03,-16.0,1.0,-7.0,1.0,3,-1
2020-02-04,20.0,-1.0,3.0,-1.0,1,-1
2020-02-05,18.0,-1.0,0.0,0.0,0,0
2020-02-06,26.0,-1.0,6.0,-1.0,2,-1
2020-02-07,14.0,-1.0,-2.0,1.0,0,0
2020-02-08,12.0,-1.0,,,0,0
2020-02-09,6.0,-1.0,,,2,-1
2020-02-10,8.0,-1.0,-3.0,1.0,0,0
2020-02-11,12.0,-1.0,2.0,-1.0,-1,1
2020-02-12,26.0,-1.0,-1.0,1.0,4,-1
2020-02-13,20.0,-1.0,0.0,0.0,1,-1
2020-02-14,20.0,-1.0,-1.0,1.0,0,0
2020-02-15,16.0,-1.0,,,1,-1
2020-02-16,2.0,-1.0,,,1,-1
2020-02-17,0.0,0.0,0.0,0.0,0,0
2020-02-18,0.0,0.0,0.0,0.0,0,0
2020-02-19,12.0,-1.0,4.0,-1.0,1,-1
2020-02-20,24.0,-1.0,7.0,-1.0,-4,1
2020-02-21,4.0,-1.0,-2.0,1.0,-2,1
2020-02-22,-8.0,1.0,,,1,-1
2020-02-23,2.0,-1.0,,,1,-1
2020-02-24,2.0,-1.0,-6.0,1.0,0,0
2020-02-25,6.0,-1.0,-1.0,1.0,-2,1
2020-02-26,4.0,-1.0,5.0,-1.0,4,-1
2020-02-27,12.0,-1.0,-6.0,1.0,-1,1
2020-02-28,-2.0,1.0,,,-4,1
2020-02-29,-12.0,1.0,,,-5,1
2020-03-01,-6.0,1.0,,,0,0
2020-03-02,8.0,-1.0,-7.0,1.0,1,-1
2020-03-03,18.0,-1.0,10.0,-1.0,5,-1
2020-03-04,-6.0,1.0,-4.0,1.0,0,0
2020-03-05,-10.0,1.0,8.0,-1.0,2,-1
2020-03-06,-20.0,1.0,-4.0,1.0,0,0
2020-03-07,2.0,-1.0,,,11,-1
2020-03-08,-4.0,1.0,,,1,-1
2020-03-09,-94.0,1.0,-11.0,1.0,-8,1
2020-03-10,2.0,-1.0,-5.0,1.0,-17,1
2020-03-11,0.0,0.0,0.0,0.0,0,0
2020-03-12,-98.0,1.0,-9.0,1.0,-14,1
2020-03-13,-16.0,1.0,-15.0,1.0,-1,1
2020-03-14,-2.0,1.0,,,7,-1
2020-03-15,-6.0,1.0,,,-2,1
2020-03-16,-24.0,1.0,1.0,-1.0,5,-1
2020-03-17,-24.0,1.0,-16.0,1.0,0,0
2020-03-18,-4.0,1.0,-5.0,1.0,3,-1
2020-03-19,-28.0,1.0,-11.0,1.0,3,-1
2020-03-20,34.0,-1.0,7.0,-1.0,13,-1
2020-03-21,6.0,-1.0,,,4,-1
2020-03-22,-4.0,1.0,,,0,0
2020-03-23,-30.0,1.0,-4.0,1.0,-2,1
2020-03-24,40.0,-1.0,5.0,-1.0,10,-1
2020-03-25,48.0,-1.0,5.0,-1.0,8,-1
2020-03-26,42.0,-1.0,-5.0,1.0,5,-1
2020-03-27,14.0,-1.0,3.0,-1.0,-9,1
2020-03-28,8.0,-1.0,,,1,-1
2020-03-29,-4.0,1.0,,,1,-1
2020-03-30,8.0,-1.0,-1.0,1.0,1,-1
2020-03-31,22.0,-1.0,0.0,0.0,6,-1
2020-04-01,8.0,-1.0,3.0,-1.0,-3,1
2020-04-02,0.0,0.0,0.0,0.0,-1,1
2020-04-03,0.0,0.0,,,-6,1
2020-04-04,6.0,-1.0,1.0,-1.0,0,0
2020-04-05,-6.0,1.0,,,-2,1
2020-04-06,18.0,-1.0,3.0,-1.0,0,0
2020-04-07,38.0,-1.0,-4.0,1.0,14,-1
2020-04-08,26.0,-1.0,-2.0,1.0,6,-1
2020-04-09,30.0,-1.0,-4.0,1.0,6,-1
2020-04-10,4.0,-1.0,10.0,-1.0,6,-1
2020-04-11,2.0,-1.0,,,6,-1
2020-04-12,0.0,0.0,,,-1,1
2020-04-13,-6.0,1.0,6.0,-1.0,4,-1
2020-04-14,30.0,-1.0,0.0,0.0,4,-1
2020-04-15,16.0,-1.0,0.0,0.0,-1,1
2020-04-16,4.0,-1.0,-8.0,1.0,0,0
2020-04-17,10.0,-1.0,6.0,-1.0,-2,1
2020-04-18,8.0,-1.0,,,2,-1
2020-04-19,0.0,0.0,,,2,-1
2020-04-20,-12.0,1.0,0.0,0.0,-1,1
2020-04-21,-10.0,1.0,-12.0,1.0,-1,1
2020-04-22,-16.0,1.0,-1.0,1.0,0,0
2020-04-23,-10.0,1.0,5.0,-1.0,-2,1
2020-04-24,14.0,-1.0,-3.0,1.0,-2,1
2020-04-25,-2.0,1.0,,,0,0
2020-04-26,-2.0,1.0,,,0,0
2020-04-27,6.0,-1.0,8.0,-1.0,-1,1
2020-04-28,0.0,0.0,7.0,-1.0,0,0
2020-04-29,24.0,-1.0,13.0,-1.0,11,-1
2020-04-30,24.0,-1.0,16.0,-1.0,8,-1
2020-05-01,-2.0,1.0,,,0,0
2020-05-02,0.0,0.0,,,0,0
2020-05-03,0.0,0.0,,,-1,1
2020-05-04,6.0,-1.0,-7.0,1.0,3,-1
2020-05-05,20.0,-1.0,8.0,-1.0,4,-1
2020-05-06,12.0,-1.0,15.0,-1.0,2,-1
2020-05-07,44.0,-1.0,6.0,-1.0,2,-1
2020-05-08,26.0,-1.0,4.0,-1.0,2,-1
2020-05-09,14.0,-1.0,,,3,-1
2020-05-10,8.0,-1.0,,,4,-1
2020-05-11,6.0,-1.0,8.0,-1.0,4,-1
2020-05-12,0.0,0.0,7.0,-1.0,0,0
2020-05-13,28.0,-1.0,3.0,-1.0,-1,1
2020-05-14,14.0,-1.0,7.0,-1.0,1,-1
2020-05-15,22.0,-1.0,5.0,-1.0,2,-1
2020-05-16,12.0,-1.0,,,0,0
2020-05-17,4.0,-1.0,,,0,0
2020-05-18,14.0,-1.0,16.0,-1.0,0,0
2020-05-19,26.0,-1.0,9.0,-1.0,-1,1
2020-05-20,38.0,-1.0,1.0,-1.0,1,-1
2020-05-21,4.0,-1.0,5.0,-1.0,1,-1
2020-05-22,6.0,-1.0,-2.0,1.0,-3,1
2020-05-23,6.0,-1.0,2.0,-1.0,1,-1
2020-05-24,12.0,-1.0,,,0,0
2020-05-25,8.0,-1.0,10.0,-1.0,2,-1
2020-05-26,22.0,-1.0,7.0,-1.0,3,-1
2020-05-27,18.0,-1.0,5.0,-1.0,0,0
2020-05-28,26.0,-1.0,16.0,-1.0,3,-1
2020-05-29,18.0,-1.0,10.0,-1.0,6,-1
2020-05-30,10.0,-1.0,,,18,-1
2020-05-31,6.0,-1.0,0.0,0.0,-3,1
2020-06-01,6.0,-1.0,1.0,-1.0,4,-1
2020-06-02,22.0,-1.0,2.0,-1.0,-1,1
2020-06-03,32.0,-1.0,18.0,-1.0,2,-1
2020-06-04,18.0,-1.0,9.0,-1.0,0,0
2020-06-05,28.0,-1.0,11.0,-1.0,8,-1
2020-06-06,10.0,-1.0,0.0,0.0,5,-1
2020-06-07,10.0,-1.0,0.0,0.0,7,-1
2020-06-08,4.0,-1.0,9.0,-1.0,6,-1
2020-06-09,22.0,-1.0,8.0,-1.0,1,-1
2020-06-10,14.0,-1.0,6.0,-1.0,4,-1
2020-06-11,-2.0,1.0,11.0,-1.0,1,-1
2020-06-12,-10.0,1.0,-1.0,1.0,-5,1
2020-06-13,18.0,-1.0,,,0,0
2020-06-14,8.0,-1.0,,,0,0
2020-06-15,4.0,-1.0,5.0,-1.0,2,-1
2020-06-16,50.0,-1.0,8.0,-1.0,-1,1
2020-06-17,28.0,-1.0,8.0,-1.0,1,-1
2020-06-18,32.0,-1.0,-1.0,1.0,0,0
2020-06-19,44.0,-1.0,-2.0,1.0,2,-1
2020-06-20,28.0,-1.0,,,0,0
2020-06-21,4.0,-1.0,,,2,-1
2020-06-22,20.0,-1.0,4.0,-1.0,1,-1
2020-06-23,28.0,-1.0,3.0,-1.0,1,-1
2020-06-24,22.0,-1.0,1.0,-1.0,3,-1
2020-06-25,-2.0,1.0,,,0,0
2020-06-26,6.0,-1.0,,,-2,1
2020-06-27,6.0,-1.0,,,1,-1
2020-06-28,2.0,-1.0,0.0,0.0,0,0
2020-06-29,0.0,0.0,-4.0,1.0,1,-1
2020-06-30,12.0,-1.0,12.0,-1.0,1,-1
2020-07-01,28.0,-1.0,1.0,-1.0,0,0
2020-07-02,36.0,-1.0,5.0,-1.0,4,-1
2020-07-03,26.0,-1.0,9.0,-1.0,-3,1
2020-07-04,10.0,-1.0,,,0,0
2020-07-05,4.0,-1.0,0.0,0.0,0,0
2020-07-06,38.0,-1.0,10.0,-1.0,5,-1
2020-07-07,30.0,-1.0,13.0,-1.0,3,-1
2020-07-08,26.0,-1.0,3.0,-1.0,4,-1
2020-07-09,48.0,-1.0,16.0,-1.0,4,-1
2020-07-10,32.0,-1.0,6.0,-1.0,0,0
2020-07-11,8.0,-1.0,,,4,-1
2020-07-12,0.0,0.0,,,1,-1
2020-07-13,6.0,-1.0,5.0,-1.0,4,-1
2020-07-14,10.0,-1.0,2.0,-1.0,2,-1
2020-07-15,22.0,-1.0,9.0,-1.0,-10,1
2020-07-16,10.0,-1.0,9.0,-1.0,1,-1
2020-07-17,16.0,-1.0,4.0,-1.0,0,0
2020-07-18,0.0,0.0,,,1,-1
2020-07-19,4.0,-1.0,,,3,-1
2020-07-20,18.0,-1.0,2.0,-1.0,5,-1
2020-07-21,46.0,-1.0,9.0,-1.0,-6,1
2020-07-22,40.0,-1.0,5.0,-1.0,3,-1
2020-07-23,16.0,-1.0,0.0,0.0,6,-1
2020-07-24,32.0,-1.0,6.0,-1.0,1,-1
2020-07-25,8.0,-1.0,,,3,-1
2020-07-26,0.0,0.0,,,1,-1
2020-07-27,22.0,-1.0,-3.0,1.0,3,-1
2020-07-28,40.0,-1.0,3.0,-1.0,1,-1
2020-07-29,36.0,-1.0,-1.0,1.0,6,-1
2020-07-30,36.0,-1.0,2.0,-1.0,5,-1
2020-07-31,20.0,-1.0,6.0,-1.0,3,-1
2020-08-01,10.0,-1.0,,,3,-1
2020-08-02,0.0,0.0,,,4,-1
2020-08-03,0.0,0.0,9.0,-1.0,-1,1
2020-08-04,18.0,-1.0,13.0,-1.0,2,-1
2020-08-05,52.0,-1.0,9.0,-1.0,0,0
2020-08-06,24.0,-1.0,5.0,-1.0,1,-1
2020-08-07,32.0,-1.0,3.0,-1.0,2,-1
2020-08-08,10.0,-1.0,,,4,-1
2020-08-09,8.0,-1.0,,,4,-1
2020-08-10,28.0,-1.0,5.0,-1.0,1,-1
2020-08-11,32.0,-1.0,7.0,-1.0,2,-1
2020-08-12,32.0,-1.0,-1.0,1.0,3,-1
2020-08-13,12.0,-1.0,4.0,-1.0,5,-1
2020-08-14,4.0,-1.0,11.0,-1.0,4,-1
2020-08-15,4.0,-1.0,,,2,-1
2020-08-16,10.0,-1.0,,,5,-1
2020-08-17,20.0,-1.0,7.0,-1.0,3,-1
2020-08-18,2.0,-1.0,11.0,-1.0,0,0
2020-08-19,10.0,-1.0,3.0,-1.0,1,-1
2020-08-20,-10.0,1.0,2.0,-1.0,1,-1
2020-08-21,50.0,-1.0,-6.0,1.0,3,-1
2020-08-22,4.0,-1.0,,,3,-1
2020-08-23,8.0,-1.0,,,3,-1
2020-08-24,2.0,-1.0,3.0,-1.0,6,-1
2020-08-25,30.0,-1.0,6.0,-1.0,3,-1
2020-08-26,38.0,-1.0,2.0,-1.0,-4,1
2020-08-27,24.0,-1.0,12.0,-1.0,1,-1
2020-08-28,14.0,-1.0,1.0,-1.0,2,-1
2020-08-29,22.0,-1.0,,,3,-1
2020-08-30,8.0,-1.0,,,-2,1
2020-08-31,12.0,-1.0,2.0,-1.0,1,-1
2020-09-01,8.0,-1.0,2.0,-1.0,2,-1
2020-09-02,22.0,-1.0,-1.0,1.0,0,0
2020-09-03,36.0,-1.0,3.0,-1.0,0,0
2020-09-04,-20.0,1.0,-6.0,1.0,2,-1
2020-09-05,-6.0,1.0,0.0,0.0,3,-1
2020-09-06,4.0,-1.0,,,1,-1
2020-09-07,8.0,-1.0,5.0,-1.0,0,0
2020-09-08,12.0,-1.0,1.0,-1.0,4,-1
2020-09-09,6.0,-1.0,-10.0,1.0,5,-1
2020-09-10,38.0,-1.0,5.0,-1.0,3,-1
2020-09-11,16.0,-1.0,9.0,-1.0,3,-1
2020-09-12,0.0,0.0,0.0,0.0,2,-1
2020-09-13,2.0,-1.0,,,10,-1
2020-09-14,12.0,-1.0,2.0,-1.0,2,-1
2020-09-15,14.0,-1.0,14.0,-1.0,6,-1
2020-09-16,22.0,-1.0,0.0,0.0,5,-1
2020-09-17,6.0,-1.0,8.0,-1.0,2,-1
2020-09-18,14.0,-1.0,4.0,-1.0,-3,1
2020-09-19,10.0,-1.0,,,1,-1
2020-09-20,0.0,0.0,,,1,-1
2020-09-21,-14.0,1.0,6.0,-1.0,3,-1
2020-09-22,-26.0,1.0,-3.0,1.0,2,-1
2020-09-23,44.0,-1.0,4.0,-1.0,1,-1
2020-09-24,-6.0,1.0,6.0,-1.0,1,-1
2020-09-25,20.0,-1.0,6.0,-1.0,-6,1
2020-09-26,0.0,0.0,2.0,-1.0,-15,1
2020-09-27,6.0,-1.0,,,2,-1
2020-09-28,18.0,-1.0,3.0,-1.0,-3,1
2020-09-29,26.0,-1.0,7.0,-1.0,1,-1
2020-09-30,8.0,-1.0,1.0,-1.0,4,-1
2020-10-01,16.0,-1.0,,,0,0
2020-10-02,-2.0,1.0,,,2,-1
2020-10-03,4.0,-1.0,,,0,0
2020-10-04,0.0,0.0,,,0,0
2020-10-05,22.0,-1.0,1.0,-1.0,-2,1
2020-10-06,24.0,-1.0,5.0,-1.0,0,0
2020-10-07,4.0,-1.0,4.0,-1.0,0,0
2020-10-08,42.0,-1.0,5.0,-1.0,1,-1
2020-10-09,14.0,-1.0,,,1,-1
2020-10-10,8.0,-1.0,,,1,-1
2020-10-11,0.0,0.0,,,1,-1
2020-10-12,30.0,-1.0,10.0,-1.0,1,-1
2020-10-13,40.0,-1.0,4.0,-1.0,3,-1
2020-10-14,2.0,-1.0,1.0,-1.0,1,-1
2020-10-15,36.0,-1.0,10.0,-1.0,1,-1
2020-10-16,12.0,-1.0,3.0,-1.0,7,-1
2020-10-17,12.0,-1.0,0.0,0.0,2,-1
2020-10-18,4.0,-1.0,,,4,-1
2020-10-19,18.0,-1.0,7.0,-1.0,2,-1
2020-10-20,16.0,-1.0,5.0,-1.0,3,-1
2020-10-21,36.0,-1.0,2.0,-1.0,2,-1
2020-10-22,26.0,-1.0,2.0,-1.0,0,0
2020-10-23,14.0,-1.0,3.0,-1.0,2,-1
2020-10-24,6.0,-1.0,,,1,-1
2020-10-25,4.0,-1.0,,,1,-1
2020-10-26,14.0,-1.0,-2.0,1.0,1,-1
2020-10-27,16.0,-1.0,2.0,-1.0,1,-1
2020-10-28,22.0,-1.0,1.0,-1.0,2,-1
2020-10-29,0.0,0.0,-2.0,1.0,3,-1
2020-10-30,26.0,-1.0,11.0,-1.0,1,-1
2020-10-31,12.0,-1.0,,,1,-1
2020-11-01,2.0,-1.0,,,0,0
2020-11-02,8.0,-1.0,2.0,-1.0,0,0
2020-11-03,22.0,-1.0,6.0,-1.0,8,-1
2020-11-04,36.0,-1.0,11.0,-1.0,4,-1
2020-11-05,34.0,-1.0,4.0,-1.0,3,-1
2020-11-06,32.0,-1.0,1.0,-1.0,3,-1
2020-11-07,14.0,-1.0,,,0,0
2020-11-08,2.0,-1.0,,,2,-1
2020-11-09,44.0,-1.0,5.0,-1.0,1,-1
2020-11-10,30.0,-1.0,4.0,-1.0,3,-1
2020-11-11,32.0,-1.0,5.0,-1.0,5,-1
2020-11-12,50.0,-1.0,1.0,-1.0,5,-1
2020-11-13,40.0,-1.0,7.0,-1.0,5,-1
2020-11-14,12.0,-1.0,,,0,0
2020-11-15,2.0,-1.0,,,-3,1
2020-11-16,38.0,-1.0,11.0,-1.0,1,-1
2020-11-17,22.0,-1.0,7.0,-1.0,3,-1
2020-11-18,28.0,-1.0,1.0,-1.0,2,-1
2020-11-19,40.0,-1.0,-1.0,1.0,3,-1
2020-11-20,34.0,-1.0,1.0,-1.0,1,-1
2020-11-21,8.0,-1.0,0.0,0.0,1,-1
2020-11-22,4.0,-1.0,,,1,-1
2020-11-23,40.0,-1.0,8.0,-1.0,2,-1
2020-11-24,38.0,-1.0,15.0,-1.0,2,-1
2020-11-25,30.0,-1.0,5.0,-1.0,5,-1
2020-11-26,24.0,-1.0,6.0,-1.0,4,-1
2020-11-27,24.0,-1.0,4.0,-1.0,2,-1
2020-11-28,10.0,-1.0,,,6,-1
2020-11-29,10.0,-1.0,,,2,-1
2020-11-30,34.0,-1.0,10.0,-1.0,0,0
2020-12-01,32.0,-1.0,-1.0,1.0,6,-1
2020-12-02,28.0,-1.0,1.0,-1.0,2,-1
2020-12-03,30.0,-1.0,-2.0,1.0,2,-1
2020-12-04,20.0,-1.0,1.0,-1.0,3,-1
2020-12-05,8.0,-1.0,,,-10,1
2020-12-06,10.0,-1.0,,,-2,1
2020-12-07,26.0,-1.0,1.0,-1.0,7,-1
2020-12-08,8.0,-1.0,5.0,-1.0,5,-1
2020-12-09,24.0,-1.0,1.0,-1.0,0,0
2020-12-10,36.0,-1.0,0.0,0.0,1,-1
2020-12-11,24.0,-1.0,16.0,-1.0,4,-1
2020-12-12,14.0,-1.0,,,6,-1
2020-12-13,6.0,-1.0,,,1,-1
2020-12-14,14.0,-1.0,1.0,-1.0,1,-1
2020-12-15,22.0,-1.0,-1.0,1.0,-4,1
2020-12-16,26.0,-1.0,8.0,-1.0,3,-1
2020-12-17,26.0,-1.0,2.0,-1.0,2,-1
2020-12-18,36.0,-1.0,10.0,-1.0,1,-1
2020-12-19,8.0,-1.0,0.0,0.0,0,0
2020-12-20,8.0,-1.0,,,0,0
2020-12-21,12.0,-1.0,10.0,-1.0,-1,1
2020-12-22,-2.0,1.0,-6.0,1.0,4,-1
2020-12-23,6.0,-1.0,3.0,-1.0,2,-1
2020-12-24,28.0,-1.0,6.0,-1.0,5,-1
2020-12-25,20.0,-1.0,4.0,-1.0,7,-1
2020-12-26,-4.0,1.0,,,0,0
2020-12-27,2.0,-1.0,,,3,-1
2020-12-28,30.0,-1.0,1.0,-1.0,6,-1
2020-12-29,28.0,-1.0,2.0,-1.0,5,-1
2020-12-30,28.0,-1.0,14.0,-1.0,3,-1
2020-12-31,34.0,-1.0,4.0,-1.0,13,-1
2021-01-01,18.0,-1.0,,,6,-1
2021-01-02,8.0,-1.0,,,-2,1
2021-01-03,2.0,-1.0,,,1,-1
2021-01-04,20.0,-1.0,2.0,-1.0,5,-1
2021-01-05,32.0,-1.0,6.0,-1.0,5,-1
2021-01-06,40.0,-1.0,4.0,-1.0,1,-1
2021-01-07,64.0,-1.0,-1.0,1.0,0,0
2021-01-08,56.0,-1.0,5.0,-1.0,7,-1
2021-01-09,12.0,-1.0,,,2,-1
2021-01-10,0.0,0.0,,,1,-1
2021-01-11,38.0,-1.0,4.0,-1.0,6,-1
2021-01-12,30.0,-1.0,0.0,0.0,1,-1
2021-01-13,34.0,-1.0,10.0,-1.0,3,-1
2021-01-14,36.0,-1.0,2.0,-1.0,12,-1
2021-01-15,12.0,-1.0,11.0,-1.0,2,-1
2021-01-16,-8.0,1.0,,,2,-1
2021-01-17,12.0,-1.0,,,2,-1
2021-01-18,36.0,-1.0,1.0,-1.0,4,-1
2021-01-19,36.0,-1.0,14.0,-1.0,-3,1
2021-01-20,30.0,-1.0,1.0,-1.0,1,-1
2021-01-21,32.0,-1.0,3.0,-1.0,4,-1
2021-01-22,2.0,-1.0,7.0,-1.0,3,-1
2021-01-23,10.0,-1.0,,,-8,1
2021-01-24,6.0,-1.0,,,0,0
2021-01-25,16.0,-1.0,0.0,0.0,7,-1
2021-01-26,32.0,-1.0,0.0,0.0,4,-1
2021-01-27,38.0,-1.0,10.0,-1.0,9,-1
2021-01-28,4.0,-1.0,3.0,-1.0,7,-1
2021-01-29,34.0,-1.0,2.0,-1.0,-2,1
2021-01-30,4.0,-1.0,,,1,-1
2021-01-31,-6.0,1.0,,,-3,1
2021-02-01,22.0,-1.0,8.0,-1.0,-2,1
2021-02-02,22.0,-1.0,4.0,-1.0,6,-1
2021-02-03,40.0,-1.0,1.0,-1.0,2,-1
2021-02-04,48.0,-1.0,5.0,-1.0,6,-1
2021-02-05,46.0,-1.0,11.0,-1.0,6,-1
2021-02-06,4.0,-1.0,0.0,0.0,0,0
2021-02-07,0.0,0.0,,,7,-1
2021-02-08,44.0,-1.0,,,15,-1
2021-02-09,24.0,-1.0,0.0,0.0,6,-1
2021-02-10,2.0,-1.0,,,2,-1
2021-02-11,6.0,-1.0,,,1,-1
2021-02-12,8.0,-1.0,,,1,-1
2021-02-13,8.0,-1.0,,,2,-1
2021-02-14,0.0,0.0,,,0,0
2021-02-15,8.0,-1.0,0.0,0.0,0,0
2021-02-16,6.0,-1.0,0.0,0.0,4,-1
2021-02-17,44.0,-1.0,2.0,-1.0,9,-1
2021-02-18,22.0,-1.0,0.0,0.0,7,-1
2021-02-19,18.0,-1.0,-3.0,1.0,2,-1
2021-02-20,22.0,-1.0,,,-9,1
2021-02-21,8.0,-1.0,,,2,-1
2021-02-22,34.0,-1.0,8.0,-1.0,2,-1
2021-02-23,4.0,-1.0,3.0,-1.0,8,-1
2021-02-24,12.0,-1.0,4.0,-1.0,16,-1
2021-02-25,64.0,-1.0,7.0,-1.0,1,-1
2021-02-26,4.0,-1.0,6.0,-1.0,2,-1
2021-02-27,8.0,-1.0,,,-9,1
2021-02-28,4.0,-1.0,,,6,-1
2021-03-01,16.0,-1.0,,,3,-1
2021-03-02,18.0,-1.0,4.0,-1.0,7,-1
2021-03-03,48.0,-1.0,5.0,-1.0,-1,1
2021-03-04,12.0,-1.0,-5.0,1.0,5,-1
2021-03-05,-8.0,1.0,-1.0,1.0,1,-1
2021-03-06,6.0,-1.0,,,2,-1
2021-03-07,0.0,0.0,,,0,0
2021-03-08,6.0,-1.0,2.0,-1.0,0,0
2021-03-09,34.0,-1.0,-7.0,1.0,3,-1
2021-03-10,38.0,-1.0,2.0,-1.0,2,-1
2021-03-11,54.0,-1.0,1.0,-1.0,-1,1
2021-03-12,36.0,-1.0,4.0,-1.0,7,-1
2021-03-13,4.0,-1.0,,,2,-1
2021-03-14,8.0,-1.0,,,1,-1
2021-03-15,48.0,-1.0,0.0,0.0,2,-1
2021-03-16,30.0,-1.0,4.0,-1.0,-7,1
2021-03-17,20.0,-1.0,0.0,0.0,-3,1
2021-03-18,24.0,-1.0,3.0,-1.0,3,-1
2021-03-19,2.0,-1.0,-10.0,1.0,4,-1
2021-03-20,14.0,-1.0,,,1,-1
2021-03-21,4.0,-1.0,,,-1,1
2021-03-22,32.0,-1.0,3.0,-1.0,7,-1
2021-03-23,40.0,-1.0,4.0,-1.0,7,-1
2021-03-24,10.0,-1.0,-4.0,1.0,4,-1
2021-03-25,26.0,-1.0,0.0,0.0,-4,1
2021-03-26,58.0,-1.0,5.0,-1.0,0,0
2021-03-27,0.0,0.0,,,2,-1
2021-03-28,2.0,-1.0,,,4,-1
2021-03-29,28.0,-1.0,5.0,-1.0,3,-1
2021-03-30,2.0,-1.0,-3.0,1.0,-1,1
2021-03-31,2.0,-1.0,-1.0,1.0,1,-1
2021-04-01,22.0,-1.0,9.0,-1.0,5,-1
2021-04-02,18.0,-1.0,,,2,-1
2021-04-03,0.0,0.0,,,1,-1
2021-04-04,0.0,0.0,,,-3,1
2021-04-05,16.0,-1.0,,,-8,1
2021-04-06,34.0,-1.0,-2.0,1.0,2,-1
2021-04-07,28.0,-1.0,11.0,-1.0,1,-1
2021-04-08,42.0,-1.0,6.0,-1.0,4,-1
2021-04-09,44.0,-1.0,2.0,-1.0,7,-1
2021-04-10,12.0,-1.0,,,4,-1
2021-04-11,12.0,-1.0,,,2,-1
2021-04-12,42.0,-1.0,0.0,0.0,9,-1
2021-04-13,38.0,-1.0,9.0,-1.0,0,0
2021-04-14,44.0,-1.0,11.0,-1.0,-1,1
2021-04-15,34.0,-1.0,12.0,-1.0,-9,1
2021-04-16,22.0,-1.0,10.0,-1.0,0,0
2021-04-17,16.0,-1.0,,,-4,1
2021-04-18,0.0,0.0,,,2,-1
2021-04-19,16.0,-1.0,3.0,-1.0,9,-1
2021-04-20,26.0,-1.0,10.0,-1.0,3,-1
2021-04-21,22.0,-1.0,2.0,-1.0,11,-1
2021-04-22,28.0,-1.0,8.0,-1.0,1,-1
2021-04-23,32.0,-1.0,7.0,-1.0,10,-1
2021-04-24,24.0,-1.0,,,-1,1
2021-04-25,6.0,-1.0,,,-2,1
2021-04-26,38.0,-1.0,10.0,-1.0,4,-1
2021-04-27,52.0,-1.0,4.0,-1.0,11,-1
2021-04-28,66.0,-1.0,11.0,-1.0,3,-1
2021-04-29,54.0,-1.0,9.0,-1.0,11,-1
2021-04-30,8.0,-1.0,,,7,-1
2021-05-01,4.0,-1.0,,,-5,1
2021-05-02,0.0,0.0,,,-2,1
2021-05-03,0.0,0.0,14.0,-1.0,7,-1
2021-05-04,24.0,-1.0,5.0,-1.0,-7,1
2021-05-05,40.0,-1.0,8.0,-1.0,9,-1
2021-05-06,30.0,-1.0,9.0,-1.0,6,-1
2021-05-07,32.0,-1.0,0.0,0.0,16,-1
2021-05-08,6.0,-1.0,,,3,-1
2021-05-09,6.0,-1.0,,,5,-1
2021-05-10,22.0,-1.0,6.0,-1.0,10,-1
2021-05-11,34.0,-1.0,-3.0,1.0,-2,1
2021-05-12,14.0,-1.0,2.0,-1.0,-11,1
2021-05-13,26.0,-1.0,8.0,-1.0,-5,1
2021-05-14,46.0,-1.0,5.0,-1.0,-7,1
2021-05-15,20.0,-1.0,,,-12,1
2021-05-16,0.0,0.0,,,-12,1
2021-05-17,28.0,-1.0,2.0,-1.0,0,0
2021-05-18,54.0,-1.0,1.0,-1.0,16,-1
2021-05-19,50.0,-1.0,6.0,-1.0,1,-1
2021-05-20,62.0,-1.0,5.0,-1.0,6,-1
2021-05-21,70.0,-1.0,1.0,-1.0,18,-1
2021-05-22,20.0,-1.0,,,6,-1
2021-05-23,22.0,-1.0,,,6,-1
2021-05-24,62.0,-1.0,-1.0,1.0,3,-1
2021-05-25,42.0,-1.0,3.0,-1.0,8,-1
2021-05-26,42.0,-1.0,2.0,-1.0,8,-1
2021-05-27,66.0,-1.0,11.0,-1.0,9,-1
2021-05-28,66.0,-1.0,12.0,-1.0,10,-1
2021-05-29,8.0,-1.0,,,3,-1
2021-05-30,8.0,-1.0,,,7,-1
2021-05-31,30.0,-1.0,11.0,-1.0,-1,1
2021-06-01,64.0,-1.0,12.0,-1.0,-1,1
2021-06-02,66.0,-1.0,0.0,0.0,4,-1
2021-06-03,32.0,-1.0,-1.0,1.0,0,0
2021-06-04,38.0,-1.0,0.0,0.0,2,-1
2021-06-05,32.0,-1.0,,,1,-1
2021-06-06,4.0,-1.0,,,-1,1
2021-06-07,48.0,-1.0,6.0,-1.0,-1,1
2021-06-08,34.0,-1.0,2.0,-1.0,4,-1
2021-06-09,46.0,-1.0,11.0,-1.0,3,-1
2021-06-10,36.0,-1.0,6.0,-1.0,7,-1
2021-06-11,20.0,-1.0,6.0,-1.0,6,-1
2021-06-12,14.0,-1.0,,,8,-1
2021-06-13,6.0,-1.0,,,-1,1
2021-06-14,6.0,-1.0,,,3,-1
2021-06-15,24.0,-1.0,0.0,0.0,8,-1
2021-06-16,-4.0,1.0,0.0,0.0,0,0
2021-06-17,32.0,-1.0,4.0,-1.0,18,-1
2021-06-18,18.0,-1.0,-1.0,1.0,10,-1
2021-06-19,4.0,-1.0,,,5,-1
2021-06-20,2.0,-1.0,,,5,-1
2021-06-21,20.0,-1.0,-1.0,1.0,4,-1
2021-06-22,28.0,-1.0,4.0,-1.0,-3,1
2021-06-23,28.0,-1.0,4.0,-1.0,9,-1
2021-06-24,36.0,-1.0,15.0,-1.0,0,0
2021-06-25,20.0,-1.0,1.0,-1.0,5,-1
2021-06-26,12.0,-1.0,,,3,-1
2021-06-27,0.0,0.0,,,3,-1
2021-06-28,38.0,-1.0,8.0,-1.0,13,-1
2021-06-29,24.0,-1.0,0.0,0.0,7,-1
2021-06-30,44.0,-1.0,6.0,-1.0,13,-1
2021-07-01,36.0,-1.0,0.0,0.0,1,-1
2021-07-02,32.0,-1.0,1.0,-1.0,12,-1
2021-07-03,8.0,-1.0,,,10,-1
2021-07-04,0.0,0.0,,,4,-1
2021-07-05,40.0,-1.0,7.0,-1.0,-1,1
2021-07-06,30.0,-1.0,6.0,-1.0,3,-1
2021-07-07,26.0,-1.0,-3.0,1.0,3,-1
2021-07-08,58.0,-1.0,1.0,-1.0,5,-1
2021-07-09,28.0,-1.0,1.0,-1.0,-12,1
2021-07-10,10.0,-1.0,,,1,-1
2021-07-11,4.0,-1.0,,,2,-1
2021-07-12,46.0,-1.0,10.0,-1.0,12,-1
2021-07-13,20.0,-1.0,-1.0,1.0,2,-1
2021-07-14,28.0,-1.0,3.0,-1.0,13,-1
2021-07-15,44.0,-1.0,4.0,-1.0,17,-1
2021-07-16,12.0,-1.0,0.0,0.0,7,-1
2021-07-17,2.0,-1.0,,,0,0
2021-07-18,6.0,-1.0,,,4,-1
2021-07-19,-12.0,1.0,-4.0,1.0,2,-1
2021-07-20,30.0,-1.0,-6.0,1.0,5,-1
2021-07-21,18.0,-1.0,5.0,-1.0,5,-1
2021-07-22,42.0,-1.0,5.0,-1.0,13,-1
2021-07-23,6.0,-1.0,8.0,-1.0,5,-1
2021-07-24,6.0,-1.0,,,1,-1
2021-07-25,8.0,-1.0,,,18,-1
2021-07-26,2.0,-1.0,5.0,-1.0,1,-1
2021-07-27,42.0,-1.0,3.0,-1.0,3,-1
2021-07-28,50.0,-1.0,-5.0,1.0,7,-1
2021-07-29,66.0,-1.0,9.0,-1.0,12,-1
2021-07-30,32.0,-1.0,8.0,-1.0,2,-1
2021-07-31,16.0,-1.0,,,4,-1
2021-08-01,2.0,-1.0,,,0,0
2021-08-02,32.0,-1.0,3.0,-1.0,6,-1
2021-08-03,28.0,-1.0,1.0,-1.0,11,-1
2021-08-04,36.0,-1.0,6.0,-1.0,2,-1
2021-08-05,30.0,-1.0,7.0,-1.0,2,-1
2021-08-06,24.0,-1.0,11.0,-1.0,12,-1
2021-08-07,0.0,0.0,,,5,-1
2021-08-08,2.0,-1.0,,,3,-1
2021-08-09,20.0,-1.0,4.0,-1.0,3,-1
2021-08-10,4.0,-1.0,6.0,-1.0,0,0
2021-08-11,34.0,-1.0,5.0,-1.0,7,-1
2021-08-12,28.0,-1.0,5.0,-1.0,5,-1
2021-08-13,16.0,-1.0,-1.0,1.0,4,-1
2021-08-14,-4.0,1.0,,,-3,1
2021-08-15,4.0,-1.0,,,0,0
2021-08-16,6.0,-1.0,3.0,-1.0,-2,1
2021-08-17,10.0,-1.0,-1.0,1.0,-1,1
2021-08-18,22.0,-1.0,7.0,-1.0,11,-1
2021-08-19,-12.0,1.0,2.0,-1.0,5,-1
2021-08-20,30.0,-1.0,-5.0,1.0,4,-1
2021-08-21,2.0,-1.0,,,1,-1
2021-08-22,-4.0,1.0,,,3,-1
2021-08-23,30.0,-1.0,2.0,-1.0,6,-1
2021-08-24,48.0,-1.0,0.0,0.0,1,-1
2021-08-25,16.0,-1.0,2.0,-1.0,1,-1
2021-08-26,48.0,-1.0,5.0,-1.0,0,0
2021-08-27,8.0,-1.0,4.0,-1.0,3,-1
2021-08-28,2.0,-1.0,,,0,0
2021-08-29,8.0,-1.0,,,3,-1
2021-08-30,26.0,-1.0,5.0,-1.0,8,-1
2021-08-31,14.0,-1.0,-2.0,1.0,2,-1
2021-09-01,16.0,-1.0,0.0,0.0,0,0
2021-09-02,20.0,-1.0,-4.0,1.0,2,-1
2021-09-03,18.0,-1.0,1.0,-1.0,3,-1
2021-09-04,10.0,-1.0,,,0,0
2021-09-05,0.0,0.0,,,2,-1
2021-09-06,24.0,-1.0,-1.0,1.0,3,-1
2021-09-07,18.0,-1.0,-3.0,1.0,1,-1
2021-09-08,8.0,-1.0,-3.0,1.0,0,0
2021-09-09,14.0,-1.0,1.0,-1.0,6,-1
2021-09-10,36.0,-1.0,0.0,0.0,6,-1
2021-09-11,26.0,-1.0,,,-1,1
2021-09-12,2.0,-1.0,,,3,-1
2021-09-13,12.0,-1.0,3.0,-1.0,4,-1
2021-09-14,22.0,-1.0,3.0,-1.0,3,-1
2021-09-15,0.0,0.0,1.0,-1.0,3,-1
2021-09-16,-6.0,1.0,3.0,-1.0,2,-1
2021-09-17,6.0,-1.0,-1.0,1.0,1,-1
2021-09-18,2.0,-1.0,,,2,-1
2021-09-19,0.0,0.0,,,-1,1
2021-09-20,-8.0,1.0,,,0,0
2021-09-21,-2.0,1.0,,,-2,1
2021-09-22,-4.0,1.0,1.0,-1.0,4,-1
2021-09-23,16.0,-1.0,5.0,-1.0,8,-1
2021-09-24,8.0,-1.0,2.0,-1.0,1,-1
2021-09-25,4.0,-1.0,,,-4,1
2021-09-26,0.0,0.0,,,2,-1
2021-09-27,14.0,-1.0,5.0,-1.0,5,-1
2021-09-28,18.0,-1.0,0.0,0.0,0,0
2021-09-29,0.0,0.0,3.0,-1.0,1,-1
2021-09-30,22.0,-1.0,3.0,-1.0,1,-1
2021-10-01,-28.0,1.0,0.0,0.0,3,-1
2021-10-02,4.0,-1.0,,,4,-1
2021-10-03,10.0,-1.0,,,4,-1
2021-10-04,16.0,-1.0,2.0,-1.0,-2,1
2021-10-05,30.0,-1.0,-2.0,1.0,-3,1
2021-10-06,26.0,-1.0,4.0,-1.0,1,-1
2021-10-07,24.0,-1.0,2.0,-1.0,5,-1
2021-10-08,36.0,-1.0,2.0,-1.0,5,-1
2021-10-09,6.0,-1.0,,,1,-1
2021-10-10,2.0,-1.0,,,-5,1
2021-10-11,2.0,-1.0,,,-9,1
2021-10-12,24.0,-1.0,2.0,-1.0,2,-1
2021-10-13,-2.0,1.0,1.0,-1.0,0,0
2021-10-14,18.0,-1.0,1.0,-1.0,7,-1
2021-10-15,32.0,-1.0,4.0,-1.0,0,0
2021-10-16,6.0,-1.0,,,2,-1
2021-10-17,6.0,-1.0,,,2,-1
2021-10-18,20.0,-1.0,10.0,-1.0,3,-1
2021-10-19,36.0,-1.0,1.0,-1.0,2,-1
2021-10-20,16.0,-1.0,9.0,-1.0,3,-1
2021-10-21,8.0,-1.0,5.0,-1.0,-1,1
2021-10-22,34.0,-1.0,-2.0,1.0,1,-1
2021-10-23,8.0,-1.0,,,0,0
2021-10-24,-2.0,1.0,,,3,-1
2021-10-25,22.0,-1.0,10.0,-1.0,3,-1
2021-10-26,44.0,-1.0,8.0,-1.0,6,-1
2021-10-27,24.0,-1.0,5.0,-1.0,4,-1
2021-10-28,-2.0,1.0,-2.0,1.0,-1,1
2021-10-29,12.0,-1.0,10.0,-1.0,5,-1
2021-10-30,8.0,-1.0,,,-1,1
2021-10-31,4.0,-1.0,,,4,-1
2021-11-01,14.0,-1.0,4.0,-1.0,3,-1
2021-11-02,24.0,-1.0,5.0,-1.0,0,0
2021-11-03,34.0,-1.0,4.0,-1.0,6,-1
2021-11-04,12.0,-1.0,4.0,-1.0,2,-1
2021-11-05,10.0,-1.0,4.0,-1.0,0,0
2021-11-06,6.0,-1.0,,,2,-1
2021-11-07,4.0,-1.0,,,3,-1
2021-11-08,38.0,-1.0,4.0,-1.0,-2,1
2021-11-09,26.0,-1.0,-2.0,1.0,3,-1
2021-11-10,30.0,-1.0,2.0,-1.0,3,-1
2021-11-11,22.0,-1.0,3.0,-1.0,2,-1
2021-11-12,28.0,-1.0,4.0,-1.0,5,-1
2021-11-13,2.0,-1.0,,,2,-1
2021-11-14,6.0,-1.0,,,0,0
2021-11-15,28.0,-1.0,5.0,-1.0,3,-1
2021-11-16,30.0,-1.0,3.0,-1.0,1,-1
2021-11-17,36.0,-1.0,3.0,-1.0,2,-1
2021-11-18,-2.0,1.0,-5.0,1.0,2,-1
2021-11-19,32.0,-1.0,11.0,-1.0,-2,1
2021-11-20,6.0,-1.0,,,4,-1
2021-11-21,6.0,-1.0,,,-1,1
2021-11-22,18.0,-1.0,-1.0,1.0,4,-1
2021-11-23,24.0,-1.0,3.0,-1.0,-1,1
2021-11-24,12.0,-1.0,0.0,0.0,2,-1
2021-11-25,28.0,-1.0,1.0,-1.0,-1,1
2021-11-26,-8.0,1.0,0.0,0.0,0,0
2021-11-27,4.0,-1.0,,,-2,1
2021-11-28,0.0,0.0,,,1,-1
2021-11-29,6.0,-1.0,-5.0,1.0,0,0
2021-11-30,18.0,-1.0,2.0,-1.0,1,-1
2021-12-01,26.0,-1.0,-3.0,1.0,-2,1
2021-12-02,52.0,-1.0,0.0,0.0,4,-1
2021-12-03,2.0,-1.0,3.0,-1.0,1,-1
2021-12-04,-14.0,1.0,,,1,-1
2021-12-05,6.0,-1.0,,,0,0
2021-12-06,2.0,-1.0,0.0,0.0,4,-1
2021-12-07,34.0,-1.0,6.0,-1.0,2,-1
2021-12-08,20.0,-1.0,5.0,-1.0,8,-1
2021-12-09,24.0,-1.0,8.0,-1.0,7,-1
2021-12-10,32.0,-1.0,-2.0,1.0,5,-1
2021-12-11,-4.0,1.0,,,3,-1
2021-12-12,2.0,-1.0,,,1,-1
2021-12-13,18.0,-1.0,6.0,-1.0,5,-1
2021-12-14,10.0,-1.0,-5.0,1.0,11,-1
2021-12-15,20.0,-1.0,3.0,-1.0,6,-1
2021-12-16,34.0,-1.0,-2.0,1.0,7,-1
2021-12-17,-8.0,1.0,9.0,-1.0,0,0
2021-12-18,-2.0,1.0,,,1,-1
2021-12-19,6.0,-1.0,,,1,-1
2021-12-20,0.0,0.0,1.0,-1.0,2,-1
2021-12-21,36.0,-1.0,-4.0,1.0,2,-1
2021-12-22,30.0,-1.0,3.0,-1.0,4,-1
2021-12-23,26.0,-1.0,4.0,-1.0,3,-1
2021-12-24,26.0,-1.0,5.0,-1.0,0,0
2021-12-25,0.0,0.0,,,2,-1
2021-12-26,0.0,0.0,,,0,0
2021-12-27,14.0,-1.0,-1.0,1.0,1,-1
2021-12-28,34.0,-1.0,4.0,-1.0,0,0
2021-12-29,24.0,-1.0,3.0,-1.0,6,-1
2021-12-30,12.0,-1.0,5.0,-1.0,9,-1
2021-12-31,10.0,-1.0,,,2,-1
2022-01-01,-2.0,1.0,,,3,-1
2022-01-02,4.0,-1.0,,,0,0
2022-01-03,24.0,-1.0,5.0,-1.0,4,-1
2022-01-04,32.0,-1.0,6.0,-1.0,-10,1
2022-01-05,40.0,-1.0,2.0,-1.0,1,-1
2022-01-06,10.0,-1.0,0.0,0.0,3,-1
2022-01-07,16.0,-1.0,0.0,0.0,7,-1
2022-01-08,12.0,-1.0,,,-1,1
2022-01-09,-2.0,1.0,,,1,-1
2022-01-10,52.0,-1.0,5.0,-1.0,4,-1
2022-01-11,22.0,-1.0,1.0,-1.0,1,-1
2022-01-12,26.0,-1.0,7.0,-1.0,-2,1
2022-01-13,48.0,-1.0,5.0,-1.0,6,-1
2022-01-14,36.0,-1.0,1.0,-1.0,11,-1
2022-01-15,10.0,-1.0,,,2,-1
2022-01-16,4.0,-1.0,,,1,-1
2022-01-17,14.0,-1.0,6.0,-1.0,4,-1
2022-01-18,18.0,-1.0,1.0,-1.0,5,-1
2022-01-19,24.0,-1.0,-3.0,1.0,3,-1
2022-01-20,2.0,-1.0,-3.0,1.0,2,-1
2022-01-21,-16.0,1.0,3.0,-1.0,-6,1
2022-01-22,-6.0,1.0,,,2,-1
2022-01-23,4.0,-1.0,,,5,-1
2022-01-24,4.0,-1.0,0.0,0.0,2,-1
2022-01-25,-6.0,1.0,-1.0,1.0,-7,1
2022-01-26,18.0,-1.0,0.0,0.0,9,-1
2022-01-27,26.0,-1.0,,,0,0
2022-01-28,4.0,-1.0,,,0,0
2022-01-29,0.0,0.0,,,-1,1
2022-01-30,2.0,-1.0,,,-2,1
2022-01-31,0.0,0.0,,,1,-1
2022-02-01,12.0,-1.0,,,1,-1
2022-02-02,2.0,-1.0,,,1,-1
2022-02-03,6.0,-1.0,,,0,0
2022-02-04,12.0,-1.0,,,-1,1
2022-02-05,4.0,-1.0,,,2,-1
2022-02-06,2.0,-1.0,,,2,-1
2022-02-07,44.0,-1.0,5.0,-1.0,4,-1
2022-02-08,24.0,-1.0,2.0,-1.0,1,-1
2022-02-09,18.0,-1.0,10.0,-1.0,5,-1
2022-02-10,40.0,-1.0,5.0,-1.0,7,-1
2022-02-11,24.0,-1.0,6.0,-1.0,5,-1
2022-02-12,12.0,-1.0,,,1,-1
2022-02-13,6.0,-1.0,,,3,-1
2022-02-14,30.0,-1.0,2.0,-1.0,0,0
2022-02-15,20.0,-1.0,1.0,-1.0,6,-1
2022-02-16,20.0,-1.0,4.0,-1.0,3,-1
2022-02-17,32.0,-1.0,-1.0,1.0,5,-1
2022-02-18,4.0,-1.0,-2.0,1.0,3,-1
2022-02-19,12.0,-1.0,,,0,0
2022-02-20,4.0,-1.0,,,-2,1
2022-02-21,20.0,-1.0,3.0,-1.0,4,-1
2022-02-22,0.0,0.0,4.0,-1.0,-2,1
2022-02-23,36.0,-1.0,7.0,-1.0,0,0
2022-02-24,10.0,-1.0,5.0,-1.0,-1,1
2022-02-25,32.0,-1.0,-1.0,1.0,5,-1
2022-02-26,12.0,-1.0,,,3,-1
2022-02-27,8.0,-1.0,,,0,0
2022-02-28,-2.0,1.0,,,-1,1
2022-03-01,16.0,-1.0,0.0,0.0,1,-1
2022-03-02,48.0,-1.0,3.0,-1.0,1,-1
2022-03-03,10.0,-1.0,0.0,0.0,4,-1
2022-03-04,6.0,-1.0,0.0,0.0,2,-1
2022-03-05,4.0,-1.0,,,0,0
2022-03-06,0.0,0.0,,,2,-1
2022-03-07,-24.0,1.0,4.0,-1.0,6,-1
2022-03-08,14.0,-1.0,1.0,-1.0,-1,1
2022-03-09,50.0,-1.0,5.0,-1.0,-1,1
2022-03-10,38.0,-1.0,-3.0,1.0,4,-1
2022-03-11,18.0,-1.0,-2.0,1.0,1,-1
2022-03-12,6.0,-1.0,,,1,-1
2022-03-13,4.0,-1.0,,,-2,1
2022-03-14,28.0,-1.0,7.0,-1.0,2,-1
2022-03-15,2.0,-1.0,3.0,-1.0,5,-1
2022-03-16,22.0,-1.0,-2.0,1.0,-8,1
2022-03-17,28.0,-1.0,-4.0,1.0,2,-1
2022-03-18,34.0,-1.0,5.0,-1.0,1,-1
2022-03-19,6.0,-1.0,,,2,-1
2022-03-20,12.0,-1.0,,,2,-1
2022-03-21,20.0,-1.0,0.0,0.0,6,-1
2022-03-22,32.0,-1.0,-2.0,1.0,5,-1
2022-03-23,34.0,-1.0,0.0,0.0,1,-1
2022-03-24,24.0,-1.0,1.0,-1.0,4,-1
2022-03-25,20.0,-1.0,1.0,-1.0,3,-1
2022-03-26,4.0,-1.0,,,-1,1
2022-03-27,8.0,-1.0,,,2,-1
2022-03-28,8.0,-1.0,-2.0,1.0,-2,1
2022-03-29,0.0,0.0,1.0,-1.0,8,-1
2022-03-30,18.0,-1.0,-4.0,1.0,14,-1
2022-03-31,24.0,-1.0,2.0,-1.0,3,-1
2022-04-01,6.0,-1.0,0.0,0.0,2,-1
2022-04-02,-6.0,1.0,,,0,0
2022-04-03,-4.0,1.0,,,0,0
2022-04-04,0.0,0.0,,,2,-1
2022-04-05,10.0,-1.0,,,3,-1
2022-04-06,24.0,-1.0,-3.0,1.0,2,-1
2022-04-07,8.0,-1.0,-2.0,1.0,2,-1
2022-04-08,6.0,-1.0,3.0,-1.0,3,-1
2022-04-09,-10.0,1.0,,,1,-1
2022-04-10,6.0,-1.0,,,1,-1
2022-04-11,14.0,-1.0,-2.0,1.0,2,-1
2022-04-12,32.0,-1.0,-3.0,1.0,-1,1
2022-04-13,4.0,-1.0,9.0,-1.0,2,-1
2022-04-14,18.0,-1.0,3.0,-1.0,2,-1
2022-04-15,0.0,0.0,6.0,-1.0,-1,1
2022-04-16,2.0,-1.0,,,-3,1
2022-04-17,4.0,-1.0,,,-1,1
2022-04-18,6.0,-1.0,1.0,-1.0,2,-1
2022-04-19,32.0,-1.0,6.0,-1.0,0,0
2022-04-20,28.0,-1.0,1.0,-1.0,-2,1
2022-04-21,2.0,-1.0,-2.0,1.0,1,-1
2022-04-22,20.0,-1.0,0.0,0.0,1,-1
2022-04-23,0.0,0.0,,,-7,1
2022-04-24,6.0,-1.0,,,0,0
2022-04-25,-10.0,1.0,-4.0,1.0,2,-1
2022-04-26,36.0,-1.0,-5.0,1.0,6,-1
2022-04-27,30.0,-1.0,4.0,-1.0,7,-1
2022-04-28,58.0,-1.0,13.0,-1.0,4,-1
2022-04-29,2.0,-1.0,8.0,-1.0,0,0
2022-04-30,0.0,0.0,,,1,-1
2022-05-01,-2.0,1.0,,,1,-1
2022-05-02,-2.0,1.0,,,-1,1
2022-05-03,12.0,-1.0,5.0,-1.0,0,0
2022-05-04,28.0,-1.0,-2.0,1.0,2,-1
2022-05-05,34.0,-1.0,1.0,-1.0,4,-1
2022-05-06,-12.0,1.0,4.0,-1.0,2,-1
2022-05-07,12.0,-1.0,,,3,-1
2022-05-08,12.0,-1.0,,,1,-1
2022-05-09,8.0,-1.0,-3.0,1.0,-4,1
2022-05-10,10.0,-1.0,-7.0,1.0,-6,1
2022-05-11,22.0,-1.0,-3.0,1.0,-10,1
2022-05-12,2.0,-1.0,1.0,-1.0,-8,1
2022-05-13,2.0,-1.0,-3.0,1.0,-12,1
2022-05-14,10.0,-1.0,,,-3,1
2022-05-15,-2.0,1.0,,,-1,1
2022-05-16,28.0,-1.0,6.0,-1.0,0,0
2022-05-17,40.0,-1.0,3.0,-1.0,2,-1
2022-05-18,36.0,-1.0,7.0,-1.0,5,-1
2022-05-19,-44.0,1.0,-5.0,1.0,-2,1
2022-05-20,28.0,-1.0,2.0,-1.0,2,-1
2022-05-21,-8.0,1.0,,,1,-1
2022-05-22,12.0,-1.0,,,0,0
2022-05-23,12.0,-1.0,-4.0,1.0,6,-1
2022-05-24,0.0,0.0,-3.0,1.0,1,-1
2022-05-25,16.0,-1.0,0.0,0.0,1,-1
2022-05-26,30.0,-1.0,2.0,-1.0,0,0
2022-05-27,26.0,-1.0,-4.0,1.0,1,-1
2022-05-28,-2.0,1.0,,,0,0
2022-05-29,2.0,-1.0,,,0,0
2022-05-30,46.0,-1.0,3.0,-1.0,3,-1
2022-05-31,44.0,-1.0,5.0,-1.0,0,0
2022-06-01,16.0,-1.0,2.0,-1.0,2,-1
2022-06-02,26.0,-1.0,3.0,-1.0,2,-1
2022-06-03,14.0,-1.0,,,0,0
2022-06-04,8.0,-1.0,,,0,0
2022-06-05,2.0,-1.0,,,2,-1
2022-06-06,24.0,-1.0,2.0,-1.0,4,-1
2022-06-07,12.0,-1.0,2.0,-1.0,5,-1
2022-06-08,44.0,-1.0,2.0,-1.0,0,0
2022-06-09,36.0,-1.0,5.0,-1.0,3,-1
2022-06-10,12.0,-1.0,-7.0,1.0,4,-1
2022-06-11,8.0,-1.0,,,-1,1
2022-06-12,10.0,-1.0,,,2,-1
2022-06-13,-28.0,1.0,-4.0,1.0,-2,1
2022-06-14,14.0,-1.0,-3.0,1.0,1,-1
2022-06-15,-20.0,1.0,-6.0,1.0,1,-1
2022-06-16,10.0,-1.0,-5.0,1.0,-2,1
2022-06-17,-8.0,1.0,1.0,-1.0,3,-1
2022-06-18,-14.0,1.0,,,-1,1
2022-06-19,0.0,0.0,,,2,-1
2022-06-20,-4.0,1.0,-6.0,1.0,1,-1
2022-06-21,4.0,-1.0,-3.0,1.0,-3,1
2022-06-22,-6.0,1.0,-2.0,1.0,4,-1
2022-06-23,20.0,-1.0,-13.0,1.0,-1,1
2022-06-24,2.0,-1.0,-7.0,1.0,-1,1
2022-06-25,-18.0,1.0,,,5,-1
2022-06-26,8.0,-1.0,,,2,-1
2022-06-27,10.0,-1.0,1.0,-1.0,1,-1
2022-06-28,24.0,-1.0,0.0,0.0,3,-1
2022-06-29,10.0,-1.0,1.0,-1.0,0,0
2022-06-30,-8.0,1.0,-7.0,1.0,-2,1
2022-07-01,-32.0,1.0,-22.0,1.0,6,-1
2022-07-02,-8.0,1.0,,,0,0
2022-07-03,0.0,0.0,,,0,0
2022-07-04,16.0,-1.0,-5.0,1.0,-5,1
2022-07-05,2.0,-1.0,4.0,-1.0,0,0
2022-07-06,-12.0,1.0,-14.0,1.0,-2,1
2022-07-07,20.0,-1.0,-7.0,1.0,2,-1
2022-07-08,34.0,-1.0,4.0,-1.0,5,-1
2022-07-09,-12.0,1.0,,,1,-1
2022-07-10,-2.0,1.0,,,0,0
2022-07-11,-4.0,1.0,1.0,-1.0,1,-1
2022-07-12,-28.0,1.0,-8.0,1.0,0,0
2022-07-13,0.0,0.0,2.0,-1.0,1,-1
2022-07-14,-2.0,1.0,4.0,-1.0,10,-1
2022-07-15,20.0,-1.0,2.0,-1.0,5,-1
2022-07-16,12.0,-1.0,,,-1,1
2022-07-17,-2.0,1.0,,,2,-1
2022-07-18,6.0,-1.0,1.0,-1.0,3,-1
2022-07-19,-4.0,1.0,-4.0,1.0,5,-1
2022-07-20,36.0,-1.0,-5.0,1.0,-3,1
2022-07-21,38.0,-1.0,0.0,0.0,-2,1
2022-07-22,-8.0,1.0,-5.0,1.0,0,0
2022-07-23,2.0,-1.0,,,2,-1
2022-07-24,6.0,-1.0,,,0,0
2022-07-25,12.0,-1.0,2.0,-1.0,4,-1
2022-07-26,12.0,-1.0,1.0,-1.0,4,-1
2022-07-27,22.0,-1.0,1.0,-1.0,-3,1
2022-07-28,18.0,-1.0,0.0,0.0,5,-1
2022-07-29,2.0,-1.0,3.0,-1.0,-2,1
2022-07-30,6.0,-1.0,,,1,-1
2022-07-31,6.0,-1.0,,,2,-1
2022-08-01,10.0,-1.0,8.0,-1.0,1,-1
2022-08-02,4.0,-1.0,-4.0,1.0,6,-1
2022-08-03,14.0,-1.0,0.0,0.0,7,-1
2022-08-04,34.0,-1.0,0.0,0.0,2,-1
2022-08-05,2.0,-1.0,-4.0,1.0,3,-1
2022-08-06,12.0,-1.0,,,4,-1
2022-08-07,-10.0,1.0,,,-1,1
2022-08-08,26.0,-1.0,5.0,-1.0,3,-1
2022-08-09,18.0,-1.0,4.0,-1.0,1,-1
2022-08-10,10.0,-1.0,-3.0,1.0,3,-1
2022-08-11,18.0,-1.0,4.0,-1.0,4,-1
2022-08-12,22.0,-1.0,-3.0,1.0,1,-1
2022-08-13,10.0,-1.0,,,4,-1
2022-08-14,6.0,-1.0,,,3,-1
2022-08-15,2.0,-1.0,-5.0,1.0,-4,1
2022-08-16,6.0,-1.0,2.0,-1.0,1,-1
2022-08-17,12.0,-1.0,-2.0,1.0,4,-1
2022-08-18,2.0,-1.0,-3.0,1.0,5,-1
2022-08-19,18.0,-1.0,4.0,-1.0,2,-1
2022-08-20,4.0,-1.0,,,1,-1
2022-08-21,0.0,0.0,,,0,0
2022-08-22,-4.0,1.0,-4.0,1.0,3,-1
2022-08-23,-10.0,1.0,-4.0,1.0,2,-1
2022-08-24,-6.0,1.0,3.0,-1.0,1,-1
2022-08-25,26.0,-1.0,4.0,-1.0,-1,1
2022-08-26,12.0,-1.0,5.0,-1.0,8,-1
2022-08-27,-2.0,1.0,,,-2,1
2022-08-28,4.0,-1.0,,,1,-1
2022-08-29,-28.0,1.0,2.0,-1.0,-6,1
2022-08-30,2.0,-1.0,-3.0,1.0,3,-1
2022-08-31,-8.0,1.0,-5.0,1.0,3,-1
2022-09-01,-8.0,1.0,-5.0,1.0,1,-1
2022-09-02,-10.0,1.0,-8.0,1.0,0,0
2022-09-03,-2.0,1.0,,,-1,1
2022-09-04,8.0,-1.0,,,2,-1
2022-09-05,10.0,-1.0,-1.0,1.0,1,-1
2022-09-06,10.0,-1.0,-1.0,1.0,-1,1
2022-09-07,-2.0,1.0,-2.0,1.0,0,0
2022-09-08,20.0,-1.0,-9.0,1.0,0,0
2022-09-09,2.0,-1.0,,,1,-1
2022-09-10,4.0,-1.0,,,6,-1
2022-09-11,0.0,0.0,,,5,-1
2022-09-12,24.0,-1.0,7.0,-1.0,1,-1
2022-09-13,16.0,-1.0,2.0,-1.0,4,-1
2022-09-14,-12.0,1.0,-4.0,1.0,0,0
2022-09-15,0.0,0.0,-2.0,1.0,0,0
2022-09-16,-34.0,1.0,-4.0,1.0,-2,1
2022-09-17,-6.0,1.0,,,0,0
2022-09-18,6.0,-1.0,,,2,-1
2022-09-19,-24.0,1.0,-3.0,1.0,-2,1
2022-09-20,0.0,0.0,-5.0,1.0,2,-1
2022-09-21,2.0,-1.0,0.0,0.0,1,-1
2022-09-22,-4.0,1.0,-3.0,1.0,0,0
2022-09-23,-6.0,1.0,-3.0,1.0,-1,1
2022-09-24,-4.0,1.0,,,1,-1
2022-09-25,2.0,-1.0,,,-3,1
2022-09-26,-12.0,1.0,-13.0,1.0,-4,1
2022-09-27,4.0,-1.0,-5.0,1.0,-5,1
2022-09-28,2.0,-1.0,7.0,-1.0,5,-1
2022-09-29,6.0,-1.0,4.0,-1.0,-5,1
2022-09-30,-44.0,1.0,-3.0,1.0,0,0
2022-10-01,-20.0,1.0,,,9,-1
2022-10-02,-2.0,1.0,,,3,-1
2022-10-03,-2.0,1.0,0.0,0.0,-3,1
2022-10-04,16.0,-1.0,-1.0,1.0,4,-1
2022-10-05,26.0,-1.0,2.0,-1.0,0,0
2022-10-06,26.0,-1.0,-4.0,1.0,2,-1
2022-10-07,-2.0,1.0,1.0,-1.0,2,-1
2022-10-08,0.0,0.0,,,-1,1
2022-10-09,2.0,-1.0,,,1,-1
2022-10-10,4.0,-1.0,,,1,-1
2022-10-11,-18.0,1.0,-4.0,1.0,3,-1
2022-10-12,-2.0,1.0,-3.0,1.0,2,-1
2022-10-13,12.0,-1.0,-2.0,1.0,0,0
2022-10-14,-6.0,1.0,5.0,-1.0,1,-1
2022-10-15,10.0,-1.0,,,-3,1
2022-10-16,0.0,0.0,,,4,-1
2022-10-17,4.0,-1.0,-7.0,1.0,-5,1
2022-10-18,40.0,-1.0,1.0,-1.0,-1,1
2022-10-19,-2.0,1.0,3.0,-1.0,3,-1
2022-10-20,14.0,-1.0,-1.0,1.0,-1,1
2022-10-21,0.0,0.0,4.0,-1.0,-2,1
2022-10-22,12.0,-1.0,,,0,0
2022-10-23,4.0,-1.0,,,1,-1
2022-10-24,-26.0,1.0,5.0,-1.0,0,0
2022-10-25,-18.0,1.0,-6.0,1.0,-1,1
2022-10-26,0.0,0.0,10.0,-1.0,0,0
2022-10-27,30.0,-1.0,6.0,-1.0,2,-1
2022-10-28,20.0,-1.0,6.0,-1.0,-2,1
2022-10-29,2.0,-1.0,,,1,-1
2022-10-30,-4.0,1.0,,,0,0
2022-10-31,8.0,-1.0,-4.0,1.0,3,-1
2022-11-01,4.0,-1.0,-8.0,1.0,-5,1
2022-11-02,36.0,-1.0,10.0,-1.0,3,-1
2022-11-03,22.0,-1.0,-8.0,1.0,0,0
2022-11-04,32.0,-1.0,-10.0,1.0,4,-1
2022-11-05,12.0,-1.0,,,33,-1
2022-11-06,2.0,-1.0,,,15,-1
2022-11-07,10.0,-1.0,-3.0,1.0,7,-1
2022-11-08,34.0,-1.0,0.0,0.0,8,-1
2022-11-09,14.0,-1.0,1.0,-1.0,-2,1
2022-11-10,24.0,-1.0,0.0,0.0,0,0
2022-11-11,30.0,-1.0,1.0,-1.0,3,-1
2022-11-12,10.0,-1.0,,,-1,1
2022-11-13,2.0,-1.0,,,1,-1
2022-11-14,14.0,-1.0,3.0,-1.0,1,-1
2022-11-15,40.0,-1.0,4.0,-1.0,8,-1
2022-11-16,14.0,-1.0,1.0,-1.0,5,-1
2022-11-17,32.0,-1.0,-3.0,1.0,0,0
2022-11-18,18.0,-1.0,-5.0,1.0,-2,1
2022-11-19,6.0,-1.0,,,1,-1
2022-11-20,0.0,0.0,,,-1,1
2022-11-21,6.0,-1.0,0.0,0.0,0,0
2022-11-22,24.0,-1.0,-3.0,1.0,0,0
2022-11-23,14.0,-1.0,3.0,-1.0,1,-1
2022-11-24,18.0,-1.0,1.0,-1.0,-1,1
2022-11-25,12.0,-1.0,-1.0,1.0,0,0
2022-11-26,8.0,-1.0,,,2,-1
2022-11-27,10.0,-1.0,,,3,-1
2022-11-28,-4.0,1.0,-9.0,1.0,0,0
2022-11-29,14.0,-1.0,6.0,-1.0,1,-1
2022-11-30,10.0,-1.0,9.0,-1.0,0,0
2022-12-01,12.0,-1.0,9.0,-1.0,0,0
2022-12-02,22.0,-1.0,-1.0,1.0,-1,1
2022-12-03,2.0,-1.0,,,0,0
2022-12-04,4.0,-1.0,,,0,0
2022-12-05,16.0,-1.0,2.0,-1.0,4,-1
2022-12-06,2.0,-1.0,1.0,-1.0,0,0
2022-12-07,4.0,-1.0,-1.0,1.0,-2,1
2022-12-08,20.0,-1.0,-9.0,1.0,3,-1
2022-12-09,16.0,-1.0,1.0,-1.0,1,-1
2022-12-10,6.0,-1.0,,,0,0
2022-12-11,4.0,-1.0,,,0,0
2022-12-12,16.0,-1.0,-7.0,1.0,4,-1
2022-12-13,6.0,-1.0,0.0,0.0,0,0
2022-12-14,16.0,-1.0,4.0,-1.0,3,-1
2022-12-15,-10.0,1.0,-3.0,1.0,3,-1
2022-12-16,-18.0,1.0,-9.0,1.0,2,-1
2022-12-17,2.0,-1.0,,,0,0
2022-12-18,-2.0,1.0,,,1,-1
2022-12-19,-16.0,1.0,-5.0,1.0,-1,1
2022-12-20,14.0,-1.0,-6.0,1.0,1,-1
2022-12-21,32.0,-1.0,-1.0,1.0,1,-1
2022-12-22,40.0,-1.0,4.0,-1.0,4,-1
2022-12-23,-8.0,1.0,-1.0,1.0,1,-1
2022-12-24,-2.0,1.0,,,2,-1
2022-12-25,2.0,-1.0,,,2,-1
2022-12-26,8.0,-1.0,7.0,-1.0,-1,1
2022-12-27,12.0,-1.0,0.0,0.0,-1,1
2022-12-28,-8.0,1.0,-1.0,1.0,3,-1
2022-12-29,-6.0,1.0,-2.0,1.0,-1,1
2022-12-30,10.0,-1.0,0.0,0.0,-1,1
2022-12-31,2.0,-1.0,,,-1,1
2023-01-01,0.0,0.0,,,-2,1
2023-01-02,4.0,-1.0,,,2,-1
2023-01-03,22.0,-1.0,6.0,-1.0,0,0
2023-01-04,16.0,-1.0,-6.0,1.0,0,0
2023-01-05,48.0,-1.0,-1.0,1.0,0,0
2023-01-06,4.0,-1.0,0.0,0.0,1,-1
2023-01-07,22.0,-1.0,,,-1,1
2023-01-08,8.0,-1.0,,,8,-1
2023-01-09,54.0,-1.0,9.0,-1.0,3,-1
2023-01-10,24.0,-1.0,-2.0,1.0,-2,1
2023-01-11,20.0,-1.0,0.0,0.0,4,-1
2023-01-12,34.0,-1.0,7.0,-1.0,0,0
2023-01-13,16.0,-1.0,3.0,-1.0,1,-1
2023-01-14,8.0,-1.0,,,1,-1
2023-01-15,8.0,-1.0,,,1,-1
2023-01-16,28.0,-1.0,6.0,-1.0,2,-1
2023-01-17,16.0,-1.0,-8.0,1.0,-1,1
2023-01-18,10.0,-1.0,,,0,0
2023-01-19,-16.0,1.0,,,0,0
2023-01-20,8.0,-1.0,,,0,0
2023-01-21,12.0,-1.0,,,0,0
2023-01-22,6.0,-1.0,,,1,-1
2023-01-23,-2.0,1.0,,,1,-1
2023-01-24,14.0,-1.0,,,1,-1
2023-01-25,10.0,-1.0,,,0,0
2023-01-26,12.0,-1.0,,,0,0
2023-01-27,2.0,-1.0,,,-1,1
2023-01-28,12.0,-1.0,,,1,-1
2023-01-29,0.0,0.0,,,-1,1
2023-01-30,36.0,-1.0,-3.0,1.0,0,0
2023-01-31,30.0,-1.0,1.0,-1.0,-2,1
2023-02-01,6.0,-1.0,9.0,-1.0,-1,1
2023-02-02,36.0,-1.0,0.0,0.0,-1,1
2023-02-03,-2.0,1.0,0.0,0.0,2,-1
2023-02-04,-6.0,1.0,,,-3,1
2023-02-05,-4.0,1.0,,,-2,1
2023-02-06,16.0,-1.0,-6.0,1.0,0,0
2023-02-07,42.0,-1.0,-1.0,1.0,4,-1
2023-02-08,32.0,-1.0,-2.0,1.0,0,0
2023-02-09,48.0,-1.0,5.0,-1.0,0,0
2023-02-10,20.0,-1.0,1.0,-1.0,1,-1
2023-02-11,10.0,-1.0,,,0,0
2023-02-12,0.0,0.0,,,1,-1
2023-02-13,12.0,-1.0,1.0,-1.0,6,-1
2023-02-14,10.0,-1.0,6.0,-1.0,2,-1
2023-02-15,-2.0,1.0,-3.0,1.0,-1,1
2023-02-16,38.0,-1.0,8.0,-1.0,2,-1
2023-02-17,26.0,-1.0,0.0,0.0,1,-1
2023-02-18,12.0,-1.0,,,-1,1
2023-02-19,6.0,-1.0,,,-6,1
2023-02-20,30.0,-1.0,3.0,-1.0,1,-1
2023-02-21,30.0,-1.0,3.0,-1.0,0,0
2023-02-22,20.0,-1.0,-3.0,1.0,-2,1
2023-02-23,48.0,-1.0,-6.0,1.0,-3,1
2023-02-24,6.0,-1.0,-3.0,1.0,-1,1
2023-02-25,4.0,-1.0,,,2,-1
2023-02-26,6.0,-1.0,,,0,0
2023-02-27,4.0,-1.0,,,0,0
2023-02-28,18.0,-1.0,,,-2,1
2023-03-01,26.0,-1.0,4.0,-1.0,0,0
2023-03-02,52.0,-1.0,2.0,-1.0,4,-1
2023-03-03,6.0,-1.0,-1.0,1.0,0,0
2023-03-04,18.0,-1.0,,,0,0
2023-03-05,0.0,0.0,,,0,0
2023-03-06,26.0,-1.0,4.0,-1.0,2,-1
2023-03-07,12.0,-1.0,5.0,-1.0,1,-1
2023-03-08,24.0,-1.0,-7.0,1.0,1,-1
2023-03-09,28.0,-1.0,3.0,-1.0,3,-1
2023-03-10,-20.0,1.0,1.0,-1.0,0,0
2023-03-11,6.0,-1.0,,,0,0
2023-03-12,4.0,-1.0,,,-1,1
2023-03-13,10.0,-1.0,-4.0,1.0,-3,1
2023-03-14,22.0,-1.0,-5.0,1.0,0,0
2023-03-15,52.0,-1.0,6.0,-1.0,4,-1
2023-03-16,0.0,0.0,-4.0,1.0,1,-1
2023-03-17,32.0,-1.0,1.0,-1.0,2,-1
2023-03-18,-4.0,1.0,,,0,0
2023-03-19,2.0,-1.0,,,-1,1
2023-03-20,-2.0,1.0,0.0,0.0,4,-1
2023-03-21,4.0,-1.0,5.0,-1.0,5,-1
2023-03-22,42.0,-1.0,-3.0,1.0,3,-1
2023-03-23,20.0,-1.0,3.0,-1.0,-2,1
2023-03-24,12.0,-1.0,1.0,-1.0,-2,1
2023-03-25,16.0,-1.0,,,-1,1
2023-03-26,8.0,-1.0,,,0,0
2023-03-27,20.0,-1.0,-5.0,1.0,0,0
2023-03-28,2.0,-1.0,3.0,-1.0,-2,1
2023-03-29,10.0,-1.0,9.0,-1.0,3,-1
2023-03-30,22.0,-1.0,4.0,-1.0,0,0
2023-03-31,12.0,-1.0,3.0,-1.0,-4,1
2023-04-01,10.0,-1.0,,,0,0
2023-04-02,0.0,0.0,,,0,0
2023-04-03,10.0,-1.0,,,2,-1
2023-04-04,8.0,-1.0,,,1,-1
2023-04-05,-4.0,1.0,,,4,-1
2023-04-06,-6.0,1.0,-3.0,1.0,-1,1
2023-04-07,14.0,-1.0,3.0,-1.0,1,-1
2023-04-08,6.0,-1.0,,,0,0
2023-04-09,0.0,0.0,,,0,0
2023-04-10,26.0,-1.0,3.0,-1.0,0,0
2023-04-11,20.0,-1.0,4.0,-1.0,2,-1
2023-04-12,12.0,-1.0,4.0,-1.0,0,0
2023-04-13,12.0,-1.0,3.0,-1.0,0,0
2023-04-14,34.0,-1.0,7.0,-1.0,3,-1
2023-04-15,-2.0,1.0,,,1,-1
2023-04-16,0.0,0.0,,,0,0
2023-04-17,0.0,0.0,1.0,-1.0,2,-1
2023-04-18,12.0,-1.0,-1.0,1.0,-2,1
2023-04-19,18.0,-1.0,20.0,-1.0,2,-1
2023-04-20,12.0,-1.0,-6.0,1.0,1,-1
2023-04-21,-10.0,1.0,-7.0,1.0,0,0
2023-04-22,-4.0,1.0,,,2,-1
2023-04-23,2.0,-1.0,,,-1,1
2023-04-24,-4.0,1.0,-1.0,1.0,3,-1
2023-04-25,20.0,-1.0,-12.0,1.0,1,-1
2023-04-26,2.0,-1.0,-1.0,1.0,0,0
2023-04-27,4.0,-1.0,-4.0,1.0,-3,1
2023-04-28,14.0,-1.0,12.0,-1.0,3,-1
2023-04-29,2.0,-1.0,,,0,0
2023-04-30,2.0,-1.0,,,0,0
2023-05-01,0.0,0.0,,,4,-1
2023-05-02,24.0,-1.0,-4.0,1.0,1,-1
2023-05-03,-20.0,1.0,-3.0,1.0,1,-1
2023-05-04,22.0,-1.0,-4.0,1.0,-2,1
2023-05-05,14.0,-1.0,-2.0,1.0,1,-1
2023-05-06,-4.0,1.0,,,-10,1
2023-05-07,0.0,0.0,,,1,-1
2023-05-08,-6.0,1.0,6.0,-1.0,1,-1
2023-05-09,24.0,-1.0,-9.0,1.0,-2,1
2023-05-10,10.0,-1.0,0.0,0.0,2,-1
2023-05-11,22.0,-1.0,-9.0,1.0,1,-1
2023-05-12,6.0,-1.0,-3.0,1.0,1,-1
2023-05-13,2.0,-1.0,,,2,-1
2023-05-14,4.0,-1.0,,,2,-1
2023-05-15,-2.0,1.0,4.0,-1.0,2,-1
2023-05-16,38.0,-1.0,6.0,-1.0,0,0
2023-05-17,42.0,-1.0,-3.0,1.0,4,-1
2023-05-18,26.0,-1.0,3.0,-1.0,1,-1
2023-05-19,16.0,-1.0,1.0,-1.0,-1,1
2023-05-20,10.0,-1.0,,,0,0
2023-05-21,0.0,0.0,,,0,0
2023-05-22,26.0,-1.0,0.0,0.0,3,-1
2023-05-23,0.0,0.0,0.0,0.0,0,0
2023-05-24,28.0,-1.0,-2.0,1.0,2,-1
2023-05-25,22.0,-1.0,-1.0,1.0,1,-1
2023-05-26,16.0,-1.0,1.0,-1.0,4,-1
2023-05-27,6.0,-1.0,,,-1,1
2023-05-28,2.0,-1.0,,,4,-1
2023-05-29,20.0,-1.0,4.0,-1.0,1,-1
2023-05-30,26.0,-1.0,0.0,0.0,-2,1
2023-05-31,4.0,-1.0,1.0,-1.0,4,-1
2023-06-01,22.0,-1.0,4.0,-1.0,4,-1
2023-06-02,16.0,-1.0,6.0,-1.0,0,0
2023-06-03,14.0,-1.0,,,-1,1
2023-06-04,4.0,-1.0,,,0,0
2023-06-05,42.0,-1.0,5.0,-1.0,0,0
2023-06-06,14.0,-1.0,-1.0,1.0,2,-1
2023-06-07,12.0,-1.0,6.0,-1.0,2,-1
2023-06-08,-8.0,1.0,3.0,-1.0,2,-1
2023-06-09,20.0,-1.0,-3.0,1.0,1,-1
2023-06-10,2.0,-1.0,,,0,0
2023-06-11,4.0,-1.0,,,1,-1
2023-06-12,28.0,-1.0,0.0,0.0,0,0
2023-06-13,20.0,-1.0,0.0,0.0,2,-1
2023-06-14,24.0,-1.0,4.0,-1.0,4,-1
2023-06-15,24.0,-1.0,0.0,0.0,1,-1
2023-06-16,22.0,-1.0,-2.0,1.0,1,-1
2023-06-17,10.0,-1.0,,,-2,1
2023-06-18,0.0,0.0,,,6,-1
2023-06-19,6.0,-1.0,6.0,-1.0,1,-1
2023-06-20,14.0,-1.0,-5.0,1.0,1,-1
2023-06-21,8.0,-1.0,-8.0,1.0,4,-1
2023-06-22,-4.0,1.0,,,0,0
2023-06-23,4.0,-1.0,,,0,0
2023-06-24,-4.0,1.0,,,2,-1
2023-06-25,0.0,0.0,,,-3,1
2023-06-26,-4.0,1.0,-2.0,1.0,2,-1
2023-06-27,36.0,-1.0,3.0,-1.0,3,-1
2023-06-28,14.0,-1.0,4.0,-1.0,-2,1
2023-06-29,28.0,-1.0,0.0,0.0,-2,1
2023-06-30,22.0,-1.0,5.0,-1.0,5,-1
2023-07-01,2.0,-1.0,,,0,0
2023-07-02,4.0,-1.0,,,0,0
2023-07-03,34.0,-1.0,5.0,-1.0,5,-1
2023-07-04,34.0,-1.0,0.0,0.0,5,-1
2023-07-05,0.0,0.0,-2.0,1.0,2,-1
2023-07-06,16.0,-1.0,0.0,0.0,2,-1
2023-07-07,6.0,-1.0,-4.0,1.0,0,0
2023-07-08,0.0,0.0,,,0,0
2023-07-09,0.0,0.0,,,0,0
2023-07-10,26.0,-1.0,1.0,-1.0,2,-1
2023-07-11,18.0,-1.0,1.0,-1.0,3,-1
2023-07-12,22.0,-1.0,0.0,0.0,4,-1
2023-07-13,28.0,-1.0,0.0,0.0,11,-1
2023-07-14,34.0,-1.0,6.0,-1.0,5,-1
2023-07-15,-6.0,1.0,,,-1,1
2023-07-16,8.0,-1.0,,,1,-1
2023-07-17,22.0,-1.0,-4.0,1.0,1,-1
2023-07-18,24.0,-1.0,-6.0,1.0,-1,1
2023-07-19,40.0,-1.0,4.0,-1.0,-2,1
2023-07-20,40.0,-1.0,-4.0,1.0,2,-1
2023-07-21,6.0,-1.0,3.0,-1.0,3,-1
2023-07-22,-4.0,1.0,,,3,-1
2023-07-23,6.0,-1.0,,,0,0
2023-07-24,24.0,-1.0,2.0,-1.0,0,0
2023-07-25,52.0,-1.0,0.0,0.0,-4,1
2023-07-26,12.0,-1.0,5.0,-1.0,2,-1
2023-07-27,48.0,-1.0,-4.0,1.0,2,-1
2023-07-28,28.0,-1.0,0.0,0.0,3,-1
2023-07-29,14.0,-1.0,,,1,-1
2023-07-30,4.0,-1.0,,,0,0
2023-07-31,20.0,-1.0,8.0,-1.0,2,-1
2023-08-01,20.0,-1.0,4.0,-1.0,2,-1
2023-08-02,2.0,-1.0,-5.0,1.0,-1,1
2023-08-03,16.0,-1.0,,,1,-1
2023-08-04,38.0,-1.0,9.0,-1.0,0,0
2023-08-05,-2.0,1.0,,,1,-1
2023-08-06,-2.0,1.0,,,4,-1
2023-08-07,14.0,-1.0,-1.0,1.0,-3,1
2023-08-08,34.0,-1.0,-9.0,1.0,1,-1
2023-08-09,-10.0,1.0,0.0,0.0,4,-1
2023-08-10,22.0,-1.0,-8.0,1.0,-4,1
2023-08-11,20.0,-1.0,-3.0,1.0,5,-1
2023-08-12,4.0,-1.0,,,1,-1
2023-08-13,2.0,-1.0,,,0,0
2023-08-14,-4.0,1.0,-1.0,1.0,1,-1
2023-08-15,48.0,-1.0,-1.0,1.0,1,-1
2023-08-16,2.0,-1.0,-13.0,1.0,-1,1
2023-08-17,20.0,-1.0,3.0,-1.0,1,-1
2023-08-18,8.0,-1.0,2.0,-1.0,2,-1
2023-08-19,-10.0,1.0,,,-2,1
2023-08-20,0.0,0.0,,,1,-1
2023-08-21,42.0,-1.0,6.0,-1.0,1,-1
2023-08-22,26.0,-1.0,5.0,-1.0,3,-1
2023-08-23,4.0,-1.0,-1.0,1.0,2,-1
2023-08-24,26.0,-1.0,2.0,-1.0,0,0
2023-08-25,8.0,-1.0,-1.0,1.0,2,-1
2023-08-26,6.0,-1.0,,,0,0
2023-08-27,6.0,-1.0,,,0,0
2023-08-28,4.0,-1.0,-4.0,1.0,-2,1
2023-08-29,10.0,-1.0,2.0,-1.0,3,-1
2023-08-30,40.0,-1.0,0.0,0.0,4,-1
2023-08-31,44.0,-1.0,3.0,-1.0,4,-1
2023-09-01,2.0,-1.0,6.0,-1.0,2,-1
2023-09-02,12.0,-1.0,,,2,-1
2023-09-03,8.0,-1.0,,,1,-1
2023-09-04,20.0,-1.0,10.0,-1.0,0,0
2023-09-05,12.0,-1.0,0.0,0.0,3,-1
2023-09-06,16.0,-1.0,4.0,-1.0,7,-1
2023-09-07,2.0,-1.0,7.0,-1.0,1,-1
2023-09-08,-2.0,1.0,-5.0,1.0,2,-1
2023-09-09,-4.0,1.0,,,0,0
2023-09-10,4.0,-1.0,,,1,-1
2023-09-11,28.0,-1.0,-4.0,1.0,1,-1
2023-09-12,28.0,-1.0,4.0,-1.0,2,-1
2023-09-13,28.0,-1.0,1.0,-1.0,1,-1
2023-09-14,24.0,-1.0,-1.0,1.0,1,-1
2023-09-15,30.0,-1.0,5.0,-1.0,5,-1
2023-09-16,20.0,-1.0,,,7,-1
2023-09-17,4.0,-1.0,,,2,-1
2023-09-18,10.0,-1.0,3.0,-1.0,6,-1
2023-09-19,-4.0,1.0,-10.0,1.0,4,-1
2023-09-20,4.0,-1.0,5.0,-1.0,2,-1
2023-09-21,14.0,-1.0,5.0,-1.0,6,-1
2023-09-22,8.0,-1.0,-9.0,1.0,1,-1
2023-09-23,2.0,-1.0,,,3,-1
2023-09-24,-2.0,1.0,,,0,0
2023-09-25,4.0,-1.0,-1.0,1.0,-2,1
2023-09-26,-12.0,1.0,-10.0,1.0,-2,1
2023-09-27,0.0,0.0,1.0,-1.0,4,-1
2023-09-28,6.0,-1.0,-6.0,1.0,0,0
2023-09-29,2.0,-1.0,,,0,0
2023-09-30,6.0,-1.0,,,0,0
2023-10-01,0.0,0.0,,,-1,1
2023-10-02,4.0,-1.0,0.0,0.0,2,-1
2023-10-03,8.0,-1.0,0.0,0.0,2,-1
2023-10-04,-4.0,1.0,3.0,-1.0,2,-1
2023-10-05,6.0,-1.0,-4.0,1.0,2,-1
2023-10-06,12.0,-1.0,0.0,0.0,1,-1
2023-10-07,10.0,-1.0,,,1,-1
2023-10-08,-2.0,1.0,,,0,0
2023-10-09,12.0,-1.0,,,0,0
2023-10-10,6.0,-1.0,,,1,-1
2023-10-11,26.0,-1.0,0.0,0.0,2,-1
2023-10-12,16.0,-1.0,-3.0,1.0,2,-1
2023-10-13,16.0,-1.0,-4.0,1.0,-3,1
2023-10-14,2.0,-1.0,,,-7,1
2023-10-15,2.0,-1.0,,,-1,1
2023-10-16,2.0,-1.0,1.0,-1.0,-1,1
2023-10-17,26.0,-1.0,7.0,-1.0,2,-1
2023-10-18,-2.0,1.0,9.0,-1.0,-3,1
2023-10-19,4.0,-1.0,4.0,-1.0,-1,1
2023-10-20,4.0,-1.0,5.0,-1.0,-3,1
2023-10-21,-2.0,1.0,,,1,-1
2023-10-22,-2.0,1.0,,,-1,1
2023-10-23,-8.0,1.0,-1.0,1.0,1,-1
2023-10-24,32.0,-1.0,-7.0,1.0,2,-1
2023-10-25,22.0,-1.0,4.0,-1.0,-1,1
2023-10-26,-2.0,1.0,0.0,0.0,3,-1
2023-10-27,30.0,-1.0,4.0,-1.0,0,0
2023-10-28,2.0,-1.0,,,0,0
2023-10-29,6.0,-1.0,,,0,0
2023-10-30,-2.0,1.0,3.0,-1.0,1,-1
2023-10-31,20.0,-1.0,-5.0,1.0,1,-1
2023-11-01,44.0,-1.0,1.0,-1.0,-2,1
2023-11-02,54.0,-1.0,2.0,-1.0,3,-1
2023-11-03,50.0,-1.0,5.0,-1.0,3,-1
2023-11-04,8.0,-1.0,,,2,-1
2023-11-05,0.0,0.0,,,-1,1
2023-11-06,16.0,-1.0,4.0,-1.0,6,-1
2023-11-07,38.0,-1.0,4.0,-1.0,2,-1
2023-11-08,44.0,-1.0,-4.0,1.0,1,-1
2023-11-09,24.0,-1.0,-2.0,1.0,1,-1
2023-11-10,50.0,-1.0,5.0,-1.0,0,0
2023-11-11,14.0,-1.0,,,1,-1
2023-11-12,2.0,-1.0,,,-1,1
2023-11-13,46.0,-1.0,-4.0,1.0,4,-1
2023-11-14,34.0,-1.0,1.0,-1.0,1,-1
2023-11-15,24.0,-1.0,3.0,-1.0,-1,1
2023-11-16,38.0,-1.0,7.0,-1.0,1,-1
2023-11-17,32.0,-1.0,3.0,-1.0,2,-1
2023-11-18,10.0,-1.0,,,0,0
2023-11-19,4.0,-1.0,,,6,-1
2023-11-20,48.0,-1.0,-1.0,1.0,9,-1
2023-11-21,40.0,-1.0,3.0,-1.0,2,-1
2023-11-22,6.0,-1.0,4.0,-1.0,1,-1
2023-11-23,28.0,-1.0,-2.0,1.0,1,-1
2023-11-24,20.0,-1.0,-1.0,1.0,1,-1
2023-11-25,18.0,-1.0,,,0,0
2023-11-26,4.0,-1.0,,,1,-1
2023-11-27,8.0,-1.0,4.0,-1.0,5,-1
2023-11-28,38.0,-1.0,-5.0,1.0,0,0
2023-11-29,44.0,-1.0,4.0,-1.0,0,0
2023-11-30,38.0,-1.0,10.0,-1.0,5,-1
2023-12-01,20.0,-1.0,-3.0,1.0,-1,1
2023-12-02,10.0,-1.0,,,-2,1
2023-12-03,8.0,-1.0,,,0,0
2023-12-04,20.0,-1.0,4.0,-1.0,8,-1
2023-12-05,30.0,-1.0,-6.0,1.0,5,-1
2023-12-06,44.0,-1.0,7.0,-1.0,5,-1
2023-12-07,16.0,-1.0,-8.0,1.0,2,-1
2023-12-08,32.0,-1.0,-5.0,1.0,0,0
2023-12-09,10.0,-1.0,,,0,0
2023-12-10,2.0,-1.0,,,2,-1
2023-12-11,34.0,-1.0,4.0,-1.0,1,-1
2023-12-12,22.0,-1.0,7.0,-1.0,1,-1
2023-12-13,18.0,-1.0,5.0,-1.0,0,0
2023-12-14,44.0,-1.0,3.0,-1.0,6,-1
2023-12-15,24.0,-1.0,6.0,-1.0,3,-1
2023-12-16,14.0,-1.0,,,0,0
2023-12-17,4.0,-1.0,,,0,0
2023-12-18,26.0,-1.0,2.0,-1.0,-1,1
2023-12-19,16.0,-1.0,3.0,-1.0,2,-1
2023-12-20,26.0,-1.0,16.0,-1.0,3,-1
2023-12-21,20.0,-1.0,-2.0,1.0,3,-1
2023-12-22,10.0,-1.0,4.0,-1.0,-2,1
2023-12-23,10.0,-1.0,,,0,0
2023-12-24,2.0,-1.0,,,3,-1
2023-12-25,16.0,-1.0,5.0,-1.0,1,-1
2023-12-26,30.0,-1.0,2.0,-1.0,0,0
2023-12-27,40.0,-1.0,8.0,-1.0,0,0
2023-12-28,22.0,-1.0,1.0,-1.0,2,-1
2023-12-29,22.0,-1.0,1.0,-1.0,5,-1
2023-12-30,0.0,0.0,,,4,-1
2023-12-31,6.0,-1.0,,,1,-1
2024-01-01,2.0,-1.0,,,0,0
2024-01-02,10.0,-1.0,4.0,-1.0,2,-1
2024-01-03,14.0,-1.0,-1.0,1.0,2,-1
2024-01-04,32.0,-1.0,-3.0,1.0,3,-1
2024-01-05,28.0,-1.0,1.0,-1.0,1,-1
2024-01-06,10.0,-1.0,,,0,0
2024-01-07,2.0,-1.0,,,0,0
2024-01-08,22.0,-1.0,-2.0,1.0,3,-1
2024-01-09,2.0,-1.0,-8.0,1.0,1,-1
2024-01-10,32.0,-1.0,6.0,-1.0,0,0
2024-01-11,48.0,-1.0,0.0,0.0,1,-1
2024-01-12,36.0,-1.0,1.0,-1.0,3,-1
2024-01-13,4.0,-1.0,,,-1,1
2024-01-14,2.0,-1.0,,,2,-1
2024-01-15,20.0,-1.0,-4.0,1.0,1,-1
2024-01-16,2.0,-1.0,4.0,-1.0,0,0
2024-01-17,30.0,-1.0,1.0,-1.0,0,0
2024-01-18,34.0,-1.0,0.0,0.0,0,0
2024-01-19,34.0,-1.0,13.0,-1.0,-1,1
2024-01-20,12.0,-1.0,,,6,-1
2024-01-21,0.0,0.0,,,7,-1
2024-01-22,58.0,-1.0,-2.0,1.0,9,-1
2024-01-23,44.0,-1.0,10.0,-1.0,0,0
2024-01-24,56.0,-1.0,2.0,-1.0,-1,1
2024-01-25,38.0,-1.0,11.0,-1.0,2,-1
2024-01-26,4.0,-1.0,4.0,-1.0,2,-1
2024-01-27,16.0,-1.0,,,-1,1
2024-01-28,4.0,-1.0,,,-1,1
2024-01-29,28.0,-1.0,11.0,-1.0,3,-1
2024-01-30,30.0,-1.0,2.0,-1.0,3,-1
2024-01-31,16.0,-1.0,4.0,-1.0,1,-1
2024-02-01,26.0,-1.0,6.0,-1.0,4,-1
2024-02-02,38.0,-1.0,-4.0,1.0,3,-1
2024-02-03,14.0,-1.0,,,0,0
2024-02-04,2.0,-1.0,,,-2,1
2024-02-05,32.0,-1.0,-5.0,1.0,-4,1
2024-02-06,36.0,-1.0,,,1,-1
2024-02-07,42.0,-1.0,,,1,-1
2024-02-08,12.0,-1.0,,,0,0
2024-02-09,0.0,0.0,,,0,0
2024-02-10,-4.0,1.0,,,0,0
2024-02-11,-2.0,1.0,,,1,-1
2024-02-12,10.0,-1.0,,,0,0
2024-02-13,2.0,-1.0,,,1,-1
2024-02-14,12.0,-1.0,,,1,-1
2024-02-15,58.0,-1.0,0.0,0.0,3,-1
2024-02-16,52.0,-1.0,4.0,-1.0,0,0
2024-02-17,12.0,-1.0,,,1,-1
2024-02-18,4.0,-1.0,,,0,0
2024-02-19,32.0,-1.0,5.0,-1.0,2,-1
2024-02-20,36.0,-1.0,11.0,-1.0,4,-1
2024-02-21,14.0,-1.0,5.0,-1.0,3,-1
2024-02-22,34.0,-1.0,2.0,-1.0,3,-1
2024-02-23,34.0,-1.0,8.0,-1.0,3,-1
2024-02-24,4.0,-1.0,,,2,-1
2024-02-25,0.0,0.0,,,3,-1
2024-02-26,54.0,-1.0,1.0,-1.0,1,-1
2024-02-27,44.0,-1.0,-2.0,1.0,0,0
2024-02-28,10.0,-1.0,,,0,0
2024-02-29,44.0,-1.0,-6.0,1.0,0,0
2024-03-01,28.0,-1.0,-1.0,1.0,2,-1
2024-03-02,6.0,-1.0,,,2,-1
2024-03-03,6.0,-1.0,,,-1,1
2024-03-04,14.0,-1.0,6.0,-1.0,5,-1
2024-03-05,28.0,-1.0,10.0,-1.0,6,-1
2024-03-06,56.0,-1.0,-2.0,1.0,-1,1
2024-03-07,54.0,-1.0,7.0,-1.0,5,-1
2024-03-08,34.0,-1.0,2.0,-1.0,1,-1
2024-03-09,-4.0,1.0,,,-1,1
2024-03-10,4.0,-1.0,,,2,-1
2024-03-11,28.0,-1.0,4.0,-1.0,1,-1
2024-03-12,66.0,-1.0,7.0,-1.0,1,-1
2024-03-13,64.0,-1.0,8.0,-1.0,2,-1
2024-03-14,44.0,-1.0,5.0,-1.0,2,-1
2024-03-15,56.0,-1.0,-4.0,1.0,2,-1
2024-03-16,2.0,-1.0,,,1,-1
2024-03-17,0.0,0.0,,,-5,1
2024-03-18,26.0,-1.0,4.0,-1.0,-1,1
2024-03-19,30.0,-1.0,8.0,-1.0,0,0
2024-03-20,38.0,-1.0,2.0,-1.0,-5,1
2024-03-21,48.0,-1.0,5.0,-1.0,6,-1
2024-03-22,24.0,-1.0,8.0,-1.0,0,0
2024-03-23,4.0,-1.0,,,1,-1
2024-03-24,0.0,0.0,,,-1,1
2024-03-25,18.0,-1.0,4.0,-1.0,2,-1
2024-03-26,22.0,-1.0,6.0,-1.0,1,-1
2024-03-27,32.0,-1.0,-3.0,1.0,1,-1
2024-03-28,44.0,-1.0,2.0,-1.0,3,-1
2024-03-29,24.0,-1.0,2.0,-1.0,4,-1
2024-03-30,6.0,-1.0,,,-1,1
2024-03-31,0.0,0.0,,,2,-1
2024-04-01,20.0,-1.0,4.0,-1.0,-2,1
2024-04-02,42.0,-1.0,-2.0,1.0,10,-1
2024-04-03,30.0,-1.0,1.0,-1.0,0,0
2024-04-04,12.0,-1.0,,,0,0
2024-04-05,20.0,-1.0,,,0,0
2024-04-06,10.0,-1.0,,,1,-1
2024-04-07,6.0,-1.0,,,0,0
2024-04-08,48.0,-1.0,16.0,-1.0,1,-1
2024-04-09,50.0,-1.0,12.0,-1.0,4,-1
2024-04-10,96.0,-1.0,-1.0,1.0,2,-1
2024-04-11,44.0,-1.0,3.0,-1.0,1,-1
2024-04-12,24.0,-1.0,-5.0,1.0,-1,1
2024-04-13,14.0,-1.0,,,0,0
2024-04-14,4.0,-1.0,,,0,0
2024-04-15,12.0,-1.0,3.0,-1.0,1,-1
2024-04-16,10.0,-1.0,-2.0,1.0,2,-1
2024-04-17,8.0,-1.0,3.0,-1.0,1,-1
2024-04-18,24.0,-1.0,1.0,-1.0,1,-1
2024-04-19,4.0,-1.0,0.0,0.0,-3,1
2024-04-20,-2.0,1.0,,,-6,1
2024-04-21,2.0,-1.0,,,-2,1
2024-04-22,14.0,-1.0,-2.0,1.0,3,-1
2024-04-23,46.0,-1.0,5.0,-1.0,1,-1
2024-04-24,48.0,-1.0,7.0,-1.0,4,-1
2024-04-25,44.0,-1.0,3.0,-1.0,3,-1
2024-04-26,42.0,-1.0,3.0,-1.0,2,-1
2024-04-27,-6.0,1.0,,,0,0
2024-04-28,4.0,-1.0,,,0,0
2024-04-29,0.0,0.0,11.0,-1.0,2,-1
2024-04-30,54.0,-1.0,2.0,-1.0,1,-1
2024-05-01,2.0,-1.0,,,2,-1
2024-05-02,28.0,-1.0,-4.0,1.0,3,-1
2024-05-03,26.0,-1.0,5.0,-1.0,4,-1
2024-05-04,6.0,-1.0,,,0,0
2024-05-05,2.0,-1.0,,,0,0
2024-05-06,58.0,-1.0,0.0,0.0,1,-1
2024-05-07,70.0,-1.0,5.0,-1.0,2,-1
2024-05-08,12.0,-1.0,-3.0,1.0,0,0
2024-05-09,44.0,-1.0,1.0,-1.0,8,-1
2024-05-10,86.0,-1.0,10.0,-1.0,6,-1
2024-05-11,4.0,-1.0,,,3,-1
2024-05-12,6.0,-1.0,,,5,-1
2024-05-13,60.0,-1.0,7.0,-1.0,7,-1
2024-05-14,70.0,-1.0,3.0,-1.0,10,-1
2024-05-15,40.0,-1.0,-5.0,1.0,9,-1
2024-05-16,58.0,-1.0,-2.0,1.0,7,-1
2024-05-17,30.0,-1.0,1.0,-1.0,3,-1
2024-05-18,12.0,-1.0,,,0,0
2024-05-19,4.0,-1.0,,,2,-1
2024-05-20,14.0,-1.0,4.0,-1.0,3,-1
2024-05-21,32.0,-1.0,6.0,-1.0,0,0
2024-05-22,24.0,-1.0,0.0,0.0,0,0
2024-05-23,34.0,-1.0,4.0,-1.0,1,-1
2024-05-24,26.0,-1.0,-1.0,1.0,1,-1
2024-05-25,8.0,-1.0,,,-1,1
2024-05-26,-2.0,1.0,,,-1,1
2024-05-27,30.0,-1.0,-2.0,1.0,3,-1
2024-05-28,32.0,-1.0,5.0,-1.0,3,-1
2024-05-29,30.0,-1.0,0.0,0.0,1,-1
2024-05-30,12.0,-1.0,-1.0,1.0,-1,1
2024-05-31,24.0,-1.0,-1.0,1.0,4,-1
2024-06-01,4.0,-1.0,,,1,-1
2024-06-02,6.0,-1.0,,,0,0
2024-06-03,30.0,-1.0,4.0,-1.0,-1,1
2024-06-04,14.0,-1.0,0.0,0.0,1,-1
2024-06-05,26.0,-1.0,-7.0,1.0,1,-1
2024-06-06,38.0,-1.0,7.0,-1.0,5,-1
2024-06-07,24.0,-1.0,13.0,-1.0,38,-1
2024-06-08,-2.0,1.0,,,24,-1
2024-06-09,-4.0,1.0,,,13,-1
2024-06-10,0.0,0.0,,,6,-1
2024-06-11,26.0,-1.0,2.0,-1.0,7,-1
2024-06-12,56.0,-1.0,-1.0,1.0,6,-1
2024-06-13,32.0,-1.0,5.0,-1.0,8,-1
2024-06-14,30.0,-1.0,2.0,-1.0,3,-1
2024-06-15,4.0,-1.0,,,0,0
2024-06-16,4.0,-1.0,,,3,-1
2024-06-17,22.0,-1.0,3.0,-1.0,-2,1
2024-06-18,10.0,-1.0,10.0,-1.0,2,-1
2024-06-19,20.0,-1.0,5.0,-1.0,-5,1
2024-06-20,20.0,-1.0,3.0,-1.0,2,-1
2024-06-21,4.0,-1.0,1.0,-1.0,-1,1
2024-06-22,6.0,-1.0,,,0,0
2024-06-23,2.0,-1.0,,,2,-1
2024-06-24,16.0,-1.0,-2.0,1.0,1,-1
2024-06-25,4.0,-1.0,-3.0,1.0,1,-1
2024-06-26,8.0,-1.0,-2.0,1.0,4,-1
2024-06-27,26.0,-1.0,-1.0,1.0,1,-1
2024-06-28,20.0,-1.0,4.0,-1.0,6,-1
2024-06-29,6.0,-1.0,,,4,-1
2024-06-30,0.0,0.0,,,5,-1
2024-07-01,20.0,-1.0,-1.0,1.0,9,-1
2024-07-02,16.0,-1.0,-1.0,1.0,0,0
2024-07-03,26.0,-1.0,0.0,0.0,2,-1
2024-07-04,14.0,-1.0,8.0,-1.0,3,-1
2024-07-05,18.0,-1.0,11.0,-1.0,4,-1
2024-07-06,12.0,-1.0,,,-1,1
2024-07-07,2.0,-1.0,,,4,-1
2024-07-08,50.0,-1.0,16.0,-1.0,1,-1
2024-07-09,42.0,-1.0,-4.0,1.0,7,-1
2024-07-10,32.0,-1.0,-1.0,1.0,3,-1
2024-07-11,28.0,-1.0,0.0,0.0,5,-1
2024-07-12,24.0,-1.0,4.0,-1.0,0,0
2024-07-13,0.0,0.0,,,1,-1
2024-07-14,8.0,-1.0,,,0,0
2024-07-15,50.0,-1.0,3.0,-1.0,-1,1
2024-07-16,32.0,-1.0,1.0,-1.0,6,-1
2024-07-17,32.0,-1.0,0.0,0.0,3,-1
2024-07-18,32.0,-1.0,0.0,0.0,1,-1
2024-07-19,22.0,-1.0,-2.0,1.0,3,-1
2024-07-20,0.0,0.0,,,-1,1
2024-07-21,6.0,-1.0,,,1,-1
2024-07-22,-8.0,1.0,-6.0,1.0,0,0
2024-07-23,18.0,-1.0,-1.0,1.0,6,-1
2024-07-24,10.0,-1.0,,,2,-1
2024-07-25,26.0,-1.0,,,0,0
2024-07-26,20.0,-1.0,11.0,-1.0,-8,1
2024-07-27,10.0,-1.0,,,1,-1
2024-07-28,-4.0,1.0,,,-1,1
2024-07-29,10.0,-1.0,3.0,-1.0,-1,1
2024-07-30,50.0,-1.0,2.0,-1.0,4,-1
2024-07-31,44.0,-1.0,5.0,-1.0,2,-1
2024-08-01,36.0,-1.0,15.0,-1.0,4,-1
2024-08-02,-32.0,1.0,-11.0,1.0,-7,1
2024-08-03,-10.0,1.0,,,-3,1
2024-08-04,-2.0,1.0,,,0,0
2024-08-05,-32.0,1.0,-12.0,1.0,-10,1
2024-08-06,2.0,-1.0,-6.0,1.0,5,-1
2024-08-07,44.0,-1.0,6.0,-1.0,8,-1
2024-08-08,20.0,-1.0,3.0,-1.0,2,-1
2024-08-09,14.0,-1.0,7.0,-1.0,4,-1
2024-08-10,4.0,-1.0,,,6,-1
2024-08-11,8.0,-1.0,,,2,-1
2024-08-12,42.0,-1.0,3.0,-1.0,6,-1
2024-08-13,48.0,-1.0,6.0,-1.0,4,-1
2024-08-14,26.0,-1.0,6.0,-1.0,7,-1
2024-08-15,58.0,-1.0,-2.0,1.0,-1,1
2024-08-16,10.0,-1.0,10.0,-1.0,1,-1
2024-08-17,8.0,-1.0,,,12,-1
2024-08-18,6.0,-1.0,,,10,-1
2024-08-19,32.0,-1.0,-7.0,1.0,8,-1
2024-08-20,40.0,-1.0,3.0,-1.0,-2,1
2024-08-21,8.0,-1.0,5.0,-1.0,3,-1
2024-08-22,12.0,-1.0,2.0,-1.0,-1,1
2024-08-23,22.0,-1.0,-3.0,1.0,1,-1
2024-08-24,8.0,-1.0,,,8,-1
2024-08-25,-2.0,1.0,,,-4,1
2024-08-26,24.0,-1.0,3.0,-1.0,4,-1
2024-08-27,6.0,-1.0,3.0,-1.0,2,-1
2024-08-28,40.0,-1.0,0.0,0.0,0,0
2024-08-29,20.0,-1.0,-8.0,1.0,1,-1
2024-08-30,36.0,-1.0,13.0,-1.0,1,-1
2024-08-31,-2.0,1.0,,,-1,1
2024-09-01,2.0,-1.0,,,1,-1
2024-09-02,8.0,-1.0,6.0,-1.0,2,-1
2024-09-03,8.0,-1.0,1.0,-1.0,1,-1
2024-09-04,-8.0,1.0,-1.0,1.0,-4,1
2024-09-05,10.0,-1.0,-4.0,1.0,-1,1
2024-09-06,16.0,-1.0,-4.0,1.0,2,-1
2024-09-07,-2.0,1.0,,,-1,1
2024-09-08,2.0,-1.0,,,-1,1
2024-09-09,10.0,-1.0,-6.0,1.0,-4,1
2024-09-10,14.0,-1.0,2.0,-1.0,0,0
2024-09-11,14.0,-1.0,-8.0,1.0,4,-1
2024-09-12,48.0,-1.0,5.0,-1.0,2,-1
2024-09-13,24.0,-1.0,0.0,0.0,2,-1
2024-09-14,8.0,-1.0,0.0,0.0,0,0
2024-09-15,2.0,-1.0,,,-2,1
2024-09-16,20.0,-1.0,5.0,-1.0,1,-1
2024-09-17,2.0,-1.0,,,1,-1
2024-09-18,4.0,-1.0,3.0,-1.0,2,-1
2024-09-19,28.0,-1.0,6.0,-1.0,3,-1
2024-09-20,22.0,-1.0,4.0,-1.0,5,-1
2024-09-21,12.0,-1.0,,,0,0
2024-09-22,6.0,-1.0,,,1,-1
2024-09-23,16.0,-1.0,1.0,-1.0,4,-1
2024-09-24,30.0,-1.0,6.0,-1.0,4,-1
2024-09-25,40.0,-1.0,-2.0,1.0,4,-1
2024-09-26,32.0,-1.0,5.0,-1.0,4,-1
2024-09-27,42.0,-1.0,6.0,-1.0,1,-1
2024-09-28,0.0,0.0,,,5,-1
2024-09-29,2.0,-1.0,,,0,0
2024-09-30,2.0,-1.0,1.0,-1.0,4,-1
2024-10-01,22.0,-1.0,6.0,-1.0,3,-1
2024-10-02,8.0,-1.0,,,-1,1
2024-10-03,14.0,-1.0,,,1,-1
2024-10-04,12.0,-1.0,2.0,-1.0,-2,1
2024-10-05,6.0,-1.0,,,-2,1
2024-10-06,2.0,-1.0,,,1,-1
2024-10-07,30.0,-1.0,6.0,-1.0,6,-1
2024-10-08,24.0,-1.0,1.0,-1.0,-2,1
2024-10-09,26.0,-1.0,-3.0,1.0,0,0
2024-10-10,2.0,-1.0,,,1,-1
2024-10-11,10.0,-1.0,-1.0,1.0,7,-1
2024-10-12,12.0,-1.0,,,6,-1
2024-10-13,2.0,-1.0,,,-4,1
2024-10-14,30.0,-1.0,7.0,-1.0,0,0
2024-10-15,36.0,-1.0,-2.0,1.0,1,-1
2024-10-16,16.0,-1.0,-12.0,1.0,2,-1
2024-10-17,18.0,-1.0,-2.0,1.0,6,-1
2024-10-18,68.0,-1.0,5.0,-1.0,2,-1
2024-10-19,12.0,-1.0,,,3,-1
2024-10-20,2.0,-1.0,,,2,-1
2024-10-21,22.0,-1.0,14.0,-1.0,4,-1
2024-10-22,48.0,-1.0,7.0,-1.0,2,-1
2024-10-23,22.0,-1.0,5.0,-1.0,1,-1
2024-10-24,46.0,-1.0,1.0,-1.0,5,-1
2024-10-25,6.0,-1.0,5.0,-1.0,0,0
2024-10-26,10.0,-1.0,,,0,0
2024-10-27,6.0,-1.0,,,0,0
2024-10-28,-4.0,1.0,2.0,-1.0,1,-1
2024-10-29,40.0,-1.0,0.0,0.0,2,-1
2024-10-30,44.0,-1.0,-5.0,1.0,2,-1
2024-10-31,22.0,-1.0,,,1,-1
2024-11-01,18.0,-1.0,5.0,-1.0,3,-1
2024-11-02,6.0,-1.0,,,1,-1
2024-11-03,0.0,0.0,,,0,0
2024-11-04,16.0,-1.0,5.0,-1.0,0,0
2024-11-05,20.0,-1.0,6.0,-1.0,0,0
2024-11-06,32.0,-1.0,-4.0,1.0,3,-1
2024-11-07,60.0,-1.0,4.0,-1.0,2,-1
2024-11-08,46.0,-1.0,9.0,-1.0,3,-1
2024-11-09,12.0,-1.0,,,1,-1
2024-11-10,0.0,0.0,,,3,-1
2024-11-11,8.0,-1.0,-3.0,1.0,0,0
2024-11-12,8.0,-1.0,-1.0,1.0,3,-1
2024-11-13,34.0,-1.0,-2.0,1.0,4,-1
2024-11-14,20.0,-1.0,-4.0,1.0,3,-1
2024-11-15,28.0,-1.0,0.0,0.0,0,0
2024-11-16,2.0,-1.0,,,1,-1
2024-11-17,8.0,-1.0,,,0,0
2024-11-18,2.0,-1.0,2.0,-1.0,3,-1
2024-11-19,24.0,-1.0,8.0,-1.0,2,-1
2024-11-20,46.0,-1.0,7.0,-1.0,1,-1
2024-11-21,8.0,-1.0,-2.0,1.0,2,-1
2024-11-22,10.0,-1.0,4.0,-1.0,-1,1
2024-11-23,14.0,-1.0,,,0,0
2024-11-24,10.0,-1.0,,,1,-1
2024-11-25,38.0,-1.0,14.0,-1.0,2,-1
2024-11-26,4.0,-1.0,-10.0,1.0,0,0
2024-11-27,16.0,-1.0,-2.0,1.0,0,0
2024-11-28,16.0,-1.0,-5.0,1.0,0,0
2024-11-29,36.0,-1.0,-2.0,1.0,-1,1
2024-11-30,10.0,-1.0,,,-8,1
2024-12-01,4.0,-1.0,,,-3,1
2024-12-02,28.0,-1.0,9.0,-1.0,2,-1
2024-12-03,16.0,-1.0,3.0,-1.0,2,-1
2024-12-04,20.0,-1.0,5.0,-1.0,2,-1
2024-12-05,36.0,-1.0,1.0,-1.0,4,-1
2024-12-06,36.0,-1.0,0.0,0.0,-5,1
2024-12-07,12.0,-1.0,,,2,-1
2024-12-08,8.0,-1.0,,,0,0
2024-12-09,36.0,-1.0,2.0,-1.0,-1,1
2024-12-10,24.0,-1.0,6.0,-1.0,-1,1
2024-12-11,26.0,-1.0,7.0,-1.0,0,0
2024-12-12,36.0,-1.0,8.0,-1.0,1,-1
2024-12-13,24.0,-1.0,-4.0,1.0,5,-1
2024-12-14,12.0,-1.0,,,1,-1
2024-12-15,6.0,-1.0,,,0,0
2024-12-16,8.0,-1.0,2.0,-1.0,0,0
2024-12-17,40.0,-1.0,6.0,-1.0,-2,1
2024-12-18,24.0,-1.0,3.0,-1.0,1,-1
2024-12-19,26.0,-1.0,2.0,-1.0,2,-1
2024-12-20,-12.0,1.0,-1.0,1.0,8,-1
2024-12-21,10.0,-1.0,,,1,-1
2024-12-22,2.0,-1.0,,,2,-1
2024-12-23,32.0,-1.0,12.0,-1.0,2,-1
2024-12-24,28.0,-1.0,1.0,-1.0,0,0
2024-12-25,24.0,-1.0,2.0,-1.0,-1,1
2024-12-26,26.0,-1.0,-1.0,1.0,1,-1
2024-12-27,44.0,-1.0,11.0,-1.0,-1,1
2024-12-28,-2.0,1.0,,,-4,1
2024-12-29,8.0,-1.0,,,-2,1
2024-12-30,12.0,-1.0,-2.0,1.0,2,-1
2024-12-31,40.0,-1.0,-2.0,1.0,0,0
2025-01-01,1.0,-1.0,,,0,0
2025-01-02,4.0,-1.0,1.0,-1.0,1,-1
2025-01-03,20.0,-1.0,7.0,-1.0,2,-1
2025-01-04,3.0,-1.0,,,0,0
2025-01-05,1.0,-1.0,,,1,-1
2025-01-06,14.0,-1.0,4.0,-1.0,5,-1
2025-01-07,13.0,-1.0,6.0,-1.0,1,-1
2025-01-08,25.0,-1.0,5.0,-1.0,2,-1
2025-01-09,4.0,-1.0,-1.0,1.0,3,-1
2025-01-10,27.0,-1.0,1.0,-1.0,0,0
2025-01-11,9.0,-1.0,,,2,-1
2025-01-12,1.0,-1.0,,,1,-1
2025-01-13,1.0,-1.0,3.0,-1.0,-1,1
2025-01-14,13.0,-1.0,3.0,-1.0,2,-1
2025-01-15,17.0,-1.0,-2.0,1.0,-2,1
2025-01-16,26.0,-1.0,4.0,-1.0,0,0
2025-01-17,19.0,-1.0,3.0,-1.0,-1,1
2025-01-18,2.0,-1.0,,,1,-1
2025-01-19,2.0,-1.0,,,2,-1
2025-01-20,5.0,-1.0,8.0,-1.0,0,0
2025-01-21,13.0,-1.0,-1.0,1.0,3,-1
2025-01-22,15.0,-1.0,10.0,-1.0,2,-1
2025-01-23,15.0,-1.0,,,0,0
2025-01-24,5.0,-1.0,,,-3,1
2025-01-25,0.0,0.0,,,0,0
2025-01-26,1.0,-1.0,,,0,0
2025-01-27,-3.0,1.0,,,-4,1
2025-01-28,6.0,-1.0,,,1,-1
2025-01-29,4.0,-1.0,,,1,-1
2025-01-30,4.0,-1.0,,,1,-1
2025-01-31,-1.0,1.0,,,4,-1
2025-02-01,0.0,0.0,,,2,-1
2025-02-02,1.0,-1.0,,,-1,1
2025-02-03,4.0,-1.0,-1.0,1.0,2,-1
2025-02-04,19.0,-1.0,7.0,-1.0,3,-1
2025-02-05,16.0,-1.0,5.0,-1.0,0,0
2025-02-06,37.0,-1.0,1.0,-1.0,2,-1
2025-02-07,24.0,-1.0,3.0,-1.0,3,-1
2025-02-08,7.0,-1.0,,,1,-1
2025-02-09,2.0,-1.0,,,0,0
2025-02-10,13.0,-1.0,8.0,-1.0,3,-1
2025-02-11,25.0,-1.0,6.0,-1.0,3,-1
2025-02-12,10.0,-1.0,0.0,0.0,3,-1
2025-02-13,24.0,-1.0,7.0,-1.0,-1,1
2025-02-14,-1.0,1.0,4.0,-1.0,1,-1
2025-02-15,5.0,-1.0,,,-1,1
2025-02-16,2.0,-1.0,,,3,-1
2025-02-17,17.0,-1.0,13.0,-1.0,-3,1
2025-02-18,12.0,-1.0,9.0,-1.0,0,0
2025-02-19,17.0,-1.0,8.0,-1.0,2,-1
2025-02-20,22.0,-1.0,-5.0,1.0,8,-1
2025-02-21,17.0,-1.0,4.0,-1.0,2,-1
2025-02-22,-1.0,1.0,,,0,0
2025-02-23,3.0,-1.0,,,-1,1
2025-02-24,5.0,-1.0,-6.0,1.0,-1,1
2025-02-25,6.0,-1.0,-2.0,1.0,1,-1
2025-02-26,12.0,-1.0,-2.0,1.0,5,-1
2025-02-27,12.0,-1.0,-2.0,1.0,3,-1
2025-02-28,3.0,-1.0,,,-3,1
2025-03-01,-2.0,1.0,,,0,0
2025-03-02,0.0,0.0,,,-1,1
2025-03-03,12.0,-1.0,-2.0,1.0,2,-1
2025-03-04,-2.0,1.0,-7.0,1.0,3,-1
2025-03-05,13.0,-1.0,-5.0,1.0,0,0
2025-03-06,9.0,-1.0,1.0,-1.0,1,-1
2025-03-07,16.0,-1.0,1.0,-1.0,3,-1
2025-03-08,6.0,-1.0,,,0,0
2025-03-09,2.0,-1.0,,,0,0
2025-03-10,5.0,-1.0,0.0,0.0,4,-1
2025-03-11,-2.0,1.0,-8.0,1.0,-1,1
2025-03-12,15.0,-1.0,-2.0,1.0,2,-1
2025-03-13,8.0,-1.0,2.0,-1.0,4,-1
2025-03-14,15.0,-1.0,-1.0,1.0,4,-1
2025-03-15,2.0,-1.0,0.0,0.0,1,-1
2025-03-16,0.0,0.0,,,-1,1
2025-03-17,3.0,-1.0,-1.0,1.0,0,0
2025-03-18,18.0,-1.0,5.0,-1.0,5,-1
2025-03-19,21.0,-1.0,-1.0,1.0,1,-1
2025-03-20,3.0,-1.0,4.0,-1.0,10,-1
2025-03-21,8.0,-1.0,-5.0,1.0,7,-1
2025-03-22,-3.0,1.0,,,1,-1
2025-03-23,2.0,-1.0,,,1,-1
2025-03-24,20.0,-1.0,-5.0,1.0,1,-1
2025-03-25,10.0,-1.0,2.0,-1.0,2,-1
2025-03-26,5.0,-1.0,7.0,-1.0,1,-1
2025-03-27,6.0,-1.0,-6.0,1.0,0,0
2025-03-28,3.0,-1.0,-2.0,1.0,0,0
2025-03-29,1.0,-1.0,,,1,-1
2025-03-30,0.0,0.0,,,-12,1
2025-03-31,-10.0,1.0,-3.0,1.0,-8,1
2025-04-01,14.0,-1.0,-1.0,1.0,4,-1
2025-04-02,28.0,-1.0,4.0,-1.0,0,0
2025-04-03,-15.0,1.0,,,0,0
2025-04-04,-12.0,1.0,,,-1,1
2025-04-05,7.0,-1.0,,,-13,1
2025-04-06,-4.0,1.0,,,-5,1
2025-04-07,-27.0,1.0,-17.0,1.0,-22,1
2025-04-08,0.0,0.0,2.0,-1.0,-6,1
2025-04-09,-1.0,1.0,0.0,0.0,-7,1
2025-04-10,19.0,-1.0,3.0,-1.0,4,-1
2025-04-11,5.0,-1.0,2.0,-1.0,9,-1
2025-04-12,3.0,-1.0,,,-3,1
2025-04-13,-1.0,1.0,,,2,-1
2025-04-14,2.0,-1.0,4.0,-1.0,1,-1
2025-04-15,6.0,-1.0,-4.0,1.0,0,0
2025-04-16,-2.0,1.0,-5.0,1.0,1,-1
2025-04-17,-5.0,1.0,0.0,0.0,0,0
2025-04-18,5.0,-1.0,4.0,-1.0,2,-1
2025-04-19,0.0,0.0,0.0,0.0,0,0
2025-04-20,0.0,0.0,,,-1,1
2025-04-21,1.0,-1.0,-1.0,1.0,-7,1
2025-04-22,0.0,0.0,-7.0,1.0,-34,1
2025-04-23,17.0,-1.0,4.0,-1.0,8,-1
2025-04-24,5.0,-1.0,-4.0,1.0,-3,1
2025-04-25,4.0,-1.0,6.0,-1.0,-2,1
2025-04-26,2.0,-1.0,,,-6,1
2025-04-27,2.0,-1.0,,,-1,1
2025-04-28,16.0,-1.0,2.0,-1.0,-1,1
2025-04-29,12.0,-1.0,1.0,-1.0,1,-1
2025-04-30,9.0,-1.0,-1.0,1.0,1,-1
2025-05-01,5.0,-1.0,0.0,0.0,-1,1
2025-05-02,18.0,-1.0,0.0,0.0,1,-1
2025-05-03,7.0,-1.0,,,2,-1
2025-05-04,6.0,-1.0,,,-2,1
2025-05-05,6.0,-1.0,-2.0,1.0,-5,1
2025-05-06,2.0,-1.0,-5.0,1.0,3,-1
2025-05-07,-1.0,1.0,1.0,-1.0,-1,1
2025-05-08,24.0,-1.0,-4.0,1.0,0,0
2025-05-09,15.0,-1.0,0.0,0.0,5,-1
2025-05-10,6.0,-1.0,,,1,-1
2025-05-11,1.0,-1.0,,,4,-1
2025-05-12,24.0,-1.0,4.0,-1.0,1,-1
2025-05-13,31.0,-1.0,4.0,-1.0,6,-1
2025-05-14,26.0,-1.0,9.0,-1.0,-2,1
2025-05-15,21.0,-1.0,5.0,-1.0,-1,1
2025-05-16,1.0,-1.0,0.0,0.0,2,-1
2025-05-17,7.0,-1.0,,,0,0
2025-05-18,4.0,-1.0,,,4,-1
2025-05-19,-8.0,1.0,-4.0,1.0,-1,1
2025-05-20,4.0,-1.0,-1.0,1.0,3,-1
2025-05-21,5.0,-1.0,-1.0,1.0,0,0
2025-05-22,5.0,-1.0,-5.0,1.0,0,0
2025-05-23,10.0,-1.0,-6.0,1.0,5,-1
2025-05-24,6.0,-1.0,,,1,-1
2025-05-25,3.0,-1.0,,,1,-1
2025-05-26,14.0,-1.0,4.0,-1.0,1,-1
2025-05-27,5.0,-1.0,-4.0,1.0,1,-1
2025-05-28,19.0,-1.0,2.0,-1.0,0,0
2025-05-29,9.0,-1.0,4.0,-1.0,0,0
2025-05-30,0.0,0.0,,,1,-1
2025-05-31,-2.0,1.0,,,0,0
2025-06-01,,,,,-4,1
2025-06-02,,,-3.0,1.0,0,0
2025-06-03,,,1.0,-1.0,0,0
2025-06-04,,,7.0,-1.0,2,-1
2025-06-05,,,,,12,-1
2025-06-06,,,,,0,0
2025-06-07,,,,,0,0
